Workbook

Sheet DATA
A1: EMP NAME | B1: Euro-CB Phils. Inc. | E1: =CONCATENATE("EMPLOYEE COUNT ",(COUNT(BJ9:BJ25548))) | F1: SSS NUMBER | I1: ME-5 # / OR # | K1: QUARTER | M1: GSALLOTED | N1: MONTH | P1: *100 | R1: TXT $ | T1: REG/ADD | U1: R | V1: A | W1: M | X1: F | BI1: TOTAL PS | BS1: =SUM(BG9:BG10011) | BU1: LINKS
A2: ADDRESS | E2: =IF(M5=0," ",IF(M5>0,"REPORT OVERPAYMENT",IF(M5<0,"REPORT UNDERPAYMENT"))) | F2: TIN | G2: TIN-112-4444 | I2: AMOUNT PAID | K2: =IF(E5<=3,1,IF(E5<=6,2,IF(E5<=9,3,IF(E5<=12,4)))) | L2: =IF(K2=1,1,IF(K2<5,0)) | M2: =BG2-BS1-BS2 | N2: =IF(E5>=7,0,IF(E5=1,"JANUARY",IF(E5=2,"FEBRUARY",IF(E5=3,"MARCH",IF(E5=4,"APRIL",IF(E5=5,"MAY",IF(E5=6,"JUNE"))))))) | P2: =BG2*100 | R2: =P2 | T2: =FALSE() | U2: EMP TYPE | V2: EMP TYPE | W2: 2004 | X2: 2005 | Y2: 2006 | Z2: 2007 | AA2: 2008 | AB2: 2009 | AC2: 2010 | AD2: 2011 | AE2: 2012 | AF2: 2013 | AG2: 2014 | AH2: 2015 | BI2: =IF(E3="PRIVATE","TOTAL ES",IF(E3="HOUSEHOLD","TOTAL ES",IF(E3="GOVERNMENT","TOTAL GS",0))) | BP2: NE | BS2: =SUM(BH9:BH10011) | BU2: PRINT OUT RF1
A3: PEN | D3: EMPLOYER TYPE | E3: PRIVATE | F3: ALLOTED GS | I3: DATE PAID | K3: TYPE OF REPORT | L3: =IF(K2=2,1,IF(K2<5,0)) | M3: =BG2-BS1-BS3 | N3: =IF(E5<=6,0,IF(E5=7,"JULY",IF(E5=8,"AUGUST",IF(E5=9,"SEPTEMBER",IF(E5=10,"OCTOBER",IF(E5=11,"NOVEMBER",IF(E5=12,"DECEMBER"))))))) | P3: =BS3*100 | R3: =P3 | T3: COUNT | U3: =IF(E3="PRIVATE",1,0) | V3: PRIVATE | Y3: 7306 | BI3: =IF(F6=0,"NO ALLOTED GS",IF(F6>0,"TOTAL ALLOTED")) | BP3: NH | BS3: =SUM(BI9:BI10011) | BU3: SAVE TXT
A4: TEL # | D4: YEAR | E4: 2015 | F4: PREPARED BY | G4: Regulus Berdin | I4: APPLICABLE MONTH | K4: =IF(E6="R",TRUE(),IF(E6="A",FALSE())) | L4: =IF(K2=3,1,IF(K2<5,0)) | M4: OVER/UNDER | N4: =IF(N2=0,N3,IF(N3=0,N2,0)) | P4: =BS1*2 | R4: =P4*100 | T4: =COUNTIF(BG9:BG25548,">0") | U4: =IF(E3="GOVERNMENT",1,0) | V4: GOVERNMENT | Y4: 41274 | BG4: =N4 | BI4: TOTAL ARREARS | BP4: SP | BS4: =IF(F6=0,0,IF(F6>0,BS1-BS3)) | BU4: PRINT OUT RF1a
A5: INCHARGE | D5: MONTH | E5: 12 | F5: DESIGNATION | G5: Programmer | I5: TOTAL RF-1 | K5: =IF(E6="R",FALSE(),IF(E6="A",TRUE())) | L5: =IF(K2=4,1,IF(K2<5,0)) | M5: =IF(F6=0,M2,IF(F6>0,M3)) | P5: =BS5*100 | R5: =P5 | T5: =COUNTIF(BH9:BH25548,">0") | U5: =IF(E3="HOUSEHOLD",1,0) | V5: HOUSEHOLD | BG5: =IF(BS3=0,BS5,IF(BS3>0,BS6)) | BI5: =CONCATENATE(BI1," ","&"," ",BI2) | BS5: =BS1+BS2 | BU5: SAVE TXTa
A6: POSITION | D6: TYPE OF REPORT | E6: R | I6: OVER/UNDER | K6: =FALSE() | L6: =IF(K3=4,1,IF(K3<5,0)) | M6: =IF(F7=0,M3,IF(F7>0,M4)) | P6: =BS6*100 | R6: =P6 | T6: =COUNTIF(BI9:BI25548,">0") | U6: =SUM(U3:U4) | BG6: =IF(F6>0,BG2-BS6,IF(F6=0,BG2-BS5)) | BI6: =CONCATENATE(BI1," ","+"," ",BI3) | BS6: =BS1+BS3
A7: EMAIL | D7: DATE PREPARED | E7: =NOW() | F7: PHILHEALTH NO | G7: DATE OF BIRTH | H7: SEX | I7: SALARY | J7: SB | BG7: PS | BH7: =IF(E3="PRIVATE","ES",IF(E3="HOUSEHOLD","ES",IF(E3="GOVERNMENT","GS",0))) | BI7: ALLOTED | BS7: REMARKS | BT7: DATE
A8: # OF EE'S | B8: LAST NAME | C8: SUFFIX | D8: FIRST NAME | E8: MIDDLE NAME | K8: =E5 | L8: =E4 | M8: =G3 | N8: 1-6 | O8: 7-11 | P8: 12-17 | Q8: 1-8 | R8: 9-12 | S8: 1-6 | T8: 7-11 | U8: 12-17 | V8: 1-8 | W8: 9-16 | X8: 17 | Y8: 1-6 | Z8: 7-11 | AA8: 12-17 | AB8: 18-22 | AC8: 1-8 | AD8: 9-16 | AE8: 17-22 | AF8: 1-6 | AG8: 7-11 | AH8: 12-17 | AI8: 18-23 | AJ8: 24-27 | AK8: 1-8 | AL8: 9-16 | AM8: 17-24 | AN8: 25-27 | AO8: 1-6 | AP8: 7-11 | AQ8: 12-17 | AR8: 18-23 | AS8: 24-29 | AT8: 1-8 | AU8: 9-16 | AV8: 17-24 | AW8: 25-29 | AX8: 1-6 | AY8: 7-11 | AZ8: 12-17 | BA8: 18-23 | BB8: 24-28 | BC8: 1-8 | BD8: 9-16 | BE8: 17-24 | BF8: 25-28 | BJ8: EMPLOYEE INFO | BO8: REMARKS | BQ8: BDATE | BR8: DATE
A9: 1 | J9: =IF(L9=2008,AF9+AG9+AH9+AI9+AJ9,IF(L9=2009,AF9+AG9+AH9+AI9+AJ9,IF(L9=2010,AF9+AG9+AH9+AI9+AJ9,IF(L9=2011,AF9+AG9+AH9+AI9+AJ9,IF(L9=2012,AF9+AG9+AH9+AI9+AJ9,IF(L9=2013,AO9+AP9+AQ9+AR9+AS9,IF(L9=2014,AX9+AY9+AZ9+BA9+BB9,IF(L9=2015,AX9+AY9+AZ9+BA9+BB9)))))))) | K9: =K8 | L9: =L8 | M9: =M8 | N9: =IF(I9=0,"0",IF(I9<=4999.99,"1",IF(I9<=5999.99,"2",IF(I9<=6999.99,"3",IF(I9<=7999.99,"4",IF(I9<=8999.99,"5",IF(I9<=9999.99,"6",IF(I9>=9999.99,"0",0)))))))) | O9: =IF(I9<=9999.99,"0",IF(I9<=10999.99,"7",IF(I9<=11999.99,"8",IF(I9<=12999.99,"9",IF(I9<=13999.99,"10",IF(I9<=14999.99,"11",IF(I9>=14999.99,"0"))))))) | P9: =IF(I9<=14999.99,"0",IF(I9>=15000,"12")) | Q9: =IF(J9=1,"50",IF(J9=2,"62.50",IF(J9=3,"75",IF(J9=4,"87.5",IF(J9=5,"100",IF(J9=6,"112.50",IF(J9=7,"125",IF(J9=8,"137.50",0)))))))) | R9: =IF(J9=9,"150",IF(J9=10,"162.50",IF(J9=11,"175",IF(J9=12,"187.50",0)))) | S9: =IF(I9=0,"0",IF(I9<=4999.99,"1",IF(I9<=5999.99,"2",IF(I9<=6999.99,"3",IF(I9<=7999.99,"4",IF(I9<=8999.99,"5",IF(I9<=9999.99,"6",IF(I9>=9999.99,"0",0)))))))) | T9: =IF(I9<=9999.99,"0",IF(I9<=10999.99,"7",IF(I9<=11999.99,"8",IF(I9<=12999.99,"9",IF(I9<=13999.99,"10",IF(I9<=14999.99,"11",IF(I9>=14999.99,"0"))))))) | U9: =IF(I9<=14999.99,"0",IF(I9<=15999.99,"12",IF(I9<=16999.99,"13",IF(I9<=17999.99,"14",IF(I9<=18999.99,"15",IF(I9<=19999.99,"16",IF(I9>=20000,"17"))))))) | V9: =IF(J9=1,"50",IF(J9=2,"62.50",IF(J9=3,"75",IF(J9=4,"87.5",IF(J9=5,"100",IF(J9=6,"112.50",IF(J9=7,"125",IF(J9=8,"137.50",0)))))))) | W9: =IF(J9=9,"150",IF(J9=10,"162.50",IF(J9=11,"175",IF(J9=12,"187.50",IF(J9=13,"200",IF(J9=14,"212.5",IF(J9=15,"225",IF(J9=16,"237.5",0)))))))) | X9: =IF(J9=17,"250",0) | Y9: =IF(I9=0,"0",IF(I9<=4999.99,"1",IF(I9<=5999.99,"2",IF(I9<=6999.99,"3",IF(I9<=7999.99,"4",IF(I9<=8999.99,"5",IF(I9<=9999.99,"6",IF(I9>=9999.99,"0",0)))))))) | Z9: =IF(I9<=9999.99,"0",IF(I9<=10999.99,"7",IF(I9<=11999.99,"8",IF(I9<=12999.99,"9",IF(I9<=13999.99,"10",IF(I9<=14999.99,"11",IF(I9>=14999.99,"0"))))))) | AA9: =IF(I9<=14999.99,"0",IF(I9<=15999.99,"12",IF(I9<=16999.99,"13",IF(I9<=17999.99,"14",IF(I9<=18999.99,"15",IF(I9<=19999.99,"16",IF(I9<=20999.99,"17",IF(I9>=20999.99,"0")))))))) | AB9: =IF(I9<=20999.99,"0",IF(I9<=21999.99,"18",IF(I9<=22999.99,"19",IF(I9<=23999.99,"20",IF(I9<=24999.99,"21",IF(I9>=25000,"22")))))) | AC9: =IF(J9=1,"50",IF(J9=2,"62.50",IF(J9=3,"75",IF(J9=4,"87.5",IF(J9=5,"100",IF(J9=6,"112.50",IF(J9=7,"125",IF(J9=8,"137.50",0)))))))) | AD9: =IF(J9=9,"150",IF(J9=10,"162.50",IF(J9=11,"175",IF(J9=12,"187.50",IF(J9=13,"200",IF(J9=14,"212.5",IF(J9=15,"225",IF(J9=16,"237.5",0)))))))) | AE9: =IF(J9=17,"250",IF(J9=18,"262.50",IF(J9=19,"275",IF(J9=20,"287.50",IF(J9=21,"300",IF(J9=22,"312.50",0)))))) | AF9: =IF(I9=0,"0",IF(I9<=4999.99,"1",IF(I9<=5999.99,"2",IF(I9<=6999.99,"3",IF(I9<=7999.99,"4",IF(I9<=8999.99,"5",IF(I9<=9999.99,"6",IF(I9>=9999.99,"0",0)))))))) | AG9: =IF(I9<=9999.99,"0",IF(I9<=10999.99,"7",IF(I9<=11999.99,"8",IF(I9<=12999.99,"9",IF(I9<=13999.99,"10",IF(I9<=14999.99,"11",IF(I9>=14999.99,"0"))))))) | AH9: =IF(I9<=14999.99,"0",IF(I9<=15999.99,"12",IF(I9<=16999.99,"13",IF(I9<=17999.99,"14",IF(I9<=18999.99,"15",IF(I9<=19999.99,"16",IF(I9<=20999.99,"17",IF(I9>=20999.99,"0")))))))) | AI9: =IF(I9<=20999.99,"0",IF(I9<=21999.99,"18",IF(I9<=22999.99,"19",IF(I9<=23999.99,"20",IF(I9<=24999.99,"21",IF(I9<=25999.99,"22",IF(I9<=26999.99,"23",IF(I9>=26999.99,"0")))))))) | AJ9: =IF(I9<=26999.99,"0",IF(I9<=27999.99,"24",IF(I9<=28999.99,"25",IF(I9<=29999.99,"26",IF(I9>=30000,"27"))))) | AK9: =IF(J9=1,"50",IF(J9=2,"62.50",IF(J9=3,"75",IF(J9=4,"87.5",IF(J9=5,"100",IF(J9=6,"112.50",IF(J9=7,"125",IF(J9=8,"137.50",0)))))))) | AL9: =IF(J9=9,"150",IF(J9=10,"162.50",IF(J9=11,"175",IF(J9=12,"187.50",IF(J9=13,"200",IF(J9=14,"212.5",IF(J9=15,"225",IF(J9=16,"237.5",0)))))))) | AM9: =IF(J9=17,"250",IF(J9=18,"262.50",IF(J9=19,"275",IF(J9=20,"287.50",IF(J9=21,"300",IF(J9=22,"312.50",IF(J9=23,"325",IF(J9=24,"337.50",0)))))))) | AN9: =IF(J9=25,"350",IF(J9=26,"362.50",IF(J9=27,"375",0))) | AO9: =IF(I9=0,"0",IF(I9<=7999.99,"1",IF(I9<=8999.99,"2",IF(I9<=9999.99,"3",IF(I9<=10999.99,"4",IF(I9<=11999.99,"5",IF(I9<=12999.99,"6",IF(I9>=12999.99,"0",0)))))))) | AP9: =IF(I9<=12999.99,"0",IF(I9<=13999.99,"7",IF(I9<=14999.99,"8",IF(I9<=15999.99,"9",IF(I9<=16999.99,"10",IF(I9<=17999.99,"11",IF(I9>=17999.99,"0"))))))) | AQ9: =IF(I9<=17999.99,"0",IF(I9<=18999.99,"12",IF(I9<=19999.99,"13",IF(I9<=20999.99,"14",IF(I9<=21999.99,"15",IF(I9<=22999.99,"16",IF(I9<=23999.99,"17",IF(I9>=23999.99,"0")))))))) | AR9: =IF(I9<=23999.99,"0",IF(I9<=24999.99,"18",IF(I9<=25999.99,"19",IF(I9<=26999.99,"20",IF(I9<=27999.99,"21",IF(I9<=28999.99,"22",IF(I9<=29999.99,"23",IF(I9>=29999.99,"0")))))))) | AS9: =IF(I9<=29999.99,"0",IF(I9<=30999.99,"24",IF(I9<=31999.99,"25",IF(I9<=32999.99,"26",IF(I9<=33999.99,"27",IF(I9<=34999.99,"28",IF(I9>=35000,"29"))))))) | AT9: =IF(J9=1,"87.50",IF(J9=2,"100",IF(J9=3,"112.50",IF(J9=4,"125",IF(J9=5,"137.50",IF(J9=6,"150",IF(J9=7,"162.50",IF(J9=8,"175",0)))))))) | AU9: =IF(J9=9,"187.50",IF(J9=10,"200",IF(J9=11,"212.50",IF(J9=12,"225",IF(J9=13,"237.50",IF(J9=14,"250",IF(J9=15,"262.50",IF(J9=16,"275",0)))))))) | AV9: =IF(J9=17,"287.50",IF(J9=18,"300",IF(J9=19,"312.50",IF(J9=20,"325",IF(J9=21,"337.50",IF(J9=22,"350",IF(J9=23,"362.50",IF(J9=24,"375",0)))))))) | AW9: =IF(J9=25,"387.50",IF(J9=26,"400",IF(J9=27,"412.50",IF(J9=28,"425",IF(J9=29,"437.50",0))))) | AX9: =IF(I9=0,"0",IF(I9<=8999.99,"1",IF(I9<=9999.99,"2",IF(I9<=10999.99,"3",IF(I9<=11999.99,"4",IF(I9<=12999.99,"5",IF(I9<=13999.99,"6",IF(I9>=13999.99,"0",0)))))))) | AY9: =IF(I9<=13999.99,"0",IF(I9<=14999.99,"7",IF(I9<=15999.99,"8",IF(I9<=16999.99,"9",IF(I9<=17999.99,"10",IF(I9<=18999.99,"11",IF(I9>=18999.99,"0"))))))) | AZ9: =IF(I9<=18999.99,"0",IF(I9<=19999.99,"12",IF(I9<=20999.99,"13",IF(I9<=21999.99,"14",IF(I9<=22999.99,"15",IF(I9<=23999.99,"16",IF(I9<=24999.99,"17",IF(I9>=24999.99,"0")))))))) | BA9: =IF(I9<=24999.99,"0",IF(I9<=25999.99,"18",IF(I9<=26999.99,"19",IF(I9<=27999.99,"20",IF(I9<=28999.99,"21",IF(I9<=29999.99,"22",IF(I9<=30999.99,"23",IF(I9>=30999.99,"0")))))))) | BB9: =IF(I9<=30999.99,"0",IF(I9<=31999.99,"24",IF(I9<=32999.99,"25",IF(I9<=33999.99,"26",IF(I9<=34999.99,"27",IF(I9>=35000,"28")))))) | BC9: =IF(J9=1,"100",IF(J9=2,"112.50",IF(J9=3,"125",IF(J9=4,"137.50",IF(J9=5,"150",IF(J9=6,"162.50",IF(J9=7,"175",IF(J9=8,"187.50",0)))))))) | BD9: =IF(J9=9,"200",IF(J9=10,"212.50",IF(J9=11,"225",IF(J9=12,"237.50",IF(J9=13,"250",IF(J9=14,"262.50",IF(J9=15,"275",IF(J9=16,"287.50",0)))))))) | BE9: =IF(J9=17,"300",IF(J9=18,"312.50",IF(J9=19,"325",IF(J9=20,"337.50",IF(J9=21,"350",IF(J9=22,"362.50",IF(J9=23,"375",IF(J9=24,"387.50",0)))))))) | BF9: =IF(J9=25,"400",IF(J9=26,"412.50",IF(J9=27,"425",IF(J9=28,"437.50",0)))) | BG9: =IF(L9=2008,AK9+AL9+AM9+AN9,IF(L9=2009,AK9+AL9+AM9+AN9,IF(L9=2010,AK9+AL9+AM9+AN9,IF(L9=2011,AK9+AL9+AM9+AN9,IF(L9=2012,AK9+AL9+AM9+AN9,IF(L9=2013,AT9+AU9+AV9+AW9,IF(L9=2014,BC9+BD9+BE9+BF9,IF(L9=2015,BC9+BD9+BE9+BF9)))))))) | BH9: =IF(L9=2008,AK9+AL9+AM9+AN9,IF(L9=2009,AK9+AL9+AM9+AN9,IF(L9=2010,AK9+AL9+AM9+AN9,IF(L9=2011,AK9+AL9+AM9+AN9,IF(L9=2012,AK9+AL9+AM9+AN9,IF(L9=2013,AT9+AU9+AV9+AW9,IF(L9=2014,BC9+BD9+BE9+BF9,IF(L9=2015,BC9+BD9+BE9+BF9)))))))) | BI9: =IF(BH9=0,0,IF(BH9<=M9,BH9,IF(BH9>=M9,M9))) | BJ9: =CODE(B9:B18) | BK9: =ISBLANK(E9) | BL9: =CODE(E9) | BM9: =CHAR(BL9) | BN9: =ISBLANK(F9) | BO9: =ISBLANK(BS9) | BP9: =ISBLANK(BT9) | BQ9: =ISBLANK(G9) | BR9: =TEXT(BT9,"MMDDYYYY")
A10: =A9+1 | J10: =IF(L10=2008,AF10+AG10+AH10+AI10+AJ10,IF(L10=2009,AF10+AG10+AH10+AI10+AJ10,IF(L10=2010,AF10+AG10+AH10+AI10+AJ10,IF(L10=2011,AF10+AG10+AH10+AI10+AJ10,IF(L10=2012,AF10+AG10+AH10+AI10+AJ10,IF(L10=2013,AO10+AP10+AQ10+AR10+AS10,IF(L10=2014,AX10+AY10+AZ10+BA10+BB10,IF(L10=2015,AX10+AY10+AZ10+BA10+BB10)))))))) | K10: =K9 | L10: =L9 | M10: =M9 | N10: =IF(I10=0,"0",IF(I10<=4999.99,"1",IF(I10<=5999.99,"2",IF(I10<=6999.99,"3",IF(I10<=7999.99,"4",IF(I10<=8999.99,"5",IF(I10<=9999.99,"6",IF(I10>=9999.99,"0",0)))))))) | O10: =IF(I10<=9999.99,"0",IF(I10<=10999.99,"7",IF(I10<=11999.99,"8",IF(I10<=12999.99,"9",IF(I10<=13999.99,"10",IF(I10<=14999.99,"11",IF(I10>=14999.99,"0"))))))) | P10: =IF(I10<=14999.99,"0",IF(I10>=15000,"12")) | Q10: =IF(J10=1,"50",IF(J10=2,"62.50",IF(J10=3,"75",IF(J10=4,"87.5",IF(J10=5,"100",IF(J10=6,"112.50",IF(J10=7,"125",IF(J10=8,"137.50",0)))))))) | R10: =IF(J10=9,"150",IF(J10=10,"162.50",IF(J10=11,"175",IF(J10=12,"187.50",0)))) | S10: =IF(I10=0,"0",IF(I10<=4999.99,"1",IF(I10<=5999.99,"2",IF(I10<=6999.99,"3",IF(I10<=7999.99,"4",IF(I10<=8999.99,"5",IF(I10<=9999.99,"6",IF(I10>=9999.99,"0",0)))))))) | T10: =IF(I10<=9999.99,"0",IF(I10<=10999.99,"7",IF(I10<=11999.99,"8",IF(I10<=12999.99,"9",IF(I10<=13999.99,"10",IF(I10<=14999.99,"11",IF(I10>=14999.99,"0"))))))) | U10: =IF(I10<=14999.99,"0",IF(I10<=15999.99,"12",IF(I10<=16999.99,"13",IF(I10<=17999.99,"14",IF(I10<=18999.99,"15",IF(I10<=19999.99,"16",IF(I10>=20000,"17"))))))) | V10: =IF(J10=1,"50",IF(J10=2,"62.50",IF(J10=3,"75",IF(J10=4,"87.5",IF(J10=5,"100",IF(J10=6,"112.50",IF(J10=7,"125",IF(J10=8,"137.50",0)))))))) | W10: =IF(J10=9,"150",IF(J10=10,"162.50",IF(J10=11,"175",IF(J10=12,"187.50",IF(J10=13,"200",IF(J10=14,"212.5",IF(J10=15,"225",IF(J10=16,"237.5",0)))))))) | X10: =IF(J10=17,"250",0) | Y10: =IF(I10=0,"0",IF(I10<=4999.99,"1",IF(I10<=5999.99,"2",IF(I10<=6999.99,"3",IF(I10<=7999.99,"4",IF(I10<=8999.99,"5",IF(I10<=9999.99,"6",IF(I10>=9999.99,"0",0)))))))) | Z10: =IF(I10<=9999.99,"0",IF(I10<=10999.99,"7",IF(I10<=11999.99,"8",IF(I10<=12999.99,"9",IF(I10<=13999.99,"10",IF(I10<=14999.99,"11",IF(I10>=14999.99,"0"))))))) | AA10: =IF(I10<=14999.99,"0",IF(I10<=15999.99,"12",IF(I10<=16999.99,"13",IF(I10<=17999.99,"14",IF(I10<=18999.99,"15",IF(I10<=19999.99,"16",IF(I10<=20999.99,"17",IF(I10>=20999.99,"0")))))))) | AB10: =IF(I10<=20999.99,"0",IF(I10<=21999.99,"18",IF(I10<=22999.99,"19",IF(I10<=23999.99,"20",IF(I10<=24999.99,"21",IF(I10>=25000,"22")))))) | AC10: =IF(J10=1,"50",IF(J10=2,"62.50",IF(J10=3,"75",IF(J10=4,"87.5",IF(J10=5,"100",IF(J10=6,"112.50",IF(J10=7,"125",IF(J10=8,"137.50",0)))))))) | AD10: =IF(J10=9,"150",IF(J10=10,"162.50",IF(J10=11,"175",IF(J10=12,"187.50",IF(J10=13,"200",IF(J10=14,"212.5",IF(J10=15,"225",IF(J10=16,"237.5",0)))))))) | AE10: =IF(J10=17,"250",IF(J10=18,"262.50",IF(J10=19,"275",IF(J10=20,"287.50",IF(J10=21,"300",IF(J10=22,"312.50",0)))))) | AF10: =IF(I10=0,"0",IF(I10<=4999.99,"1",IF(I10<=5999.99,"2",IF(I10<=6999.99,"3",IF(I10<=7999.99,"4",IF(I10<=8999.99,"5",IF(I10<=9999.99,"6",IF(I10>=9999.99,"0",0)))))))) | AG10: =IF(I10<=9999.99,"0",IF(I10<=10999.99,"7",IF(I10<=11999.99,"8",IF(I10<=12999.99,"9",IF(I10<=13999.99,"10",IF(I10<=14999.99,"11",IF(I10>=14999.99,"0"))))))) | AH10: =IF(I10<=14999.99,"0",IF(I10<=15999.99,"12",IF(I10<=16999.99,"13",IF(I10<=17999.99,"14",IF(I10<=18999.99,"15",IF(I10<=19999.99,"16",IF(I10<=20999.99,"17",IF(I10>=20999.99,"0")))))))) | AI10: =IF(I10<=20999.99,"0",IF(I10<=21999.99,"18",IF(I10<=22999.99,"19",IF(I10<=23999.99,"20",IF(I10<=24999.99,"21",IF(I10<=25999.99,"22",IF(I10<=26999.99,"23",IF(I10>=26999.99,"0")))))))) | AJ10: =IF(I10<=26999.99,"0",IF(I10<=27999.99,"24",IF(I10<=28999.99,"25",IF(I10<=29999.99,"26",IF(I10>=30000,"27"))))) | AK10: =IF(J10=1,"50",IF(J10=2,"62.50",IF(J10=3,"75",IF(J10=4,"87.5",IF(J10=5,"100",IF(J10=6,"112.50",IF(J10=7,"125",IF(J10=8,"137.50",0)))))))) | AL10: =IF(J10=9,"150",IF(J10=10,"162.50",IF(J10=11,"175",IF(J10=12,"187.50",IF(J10=13,"200",IF(J10=14,"212.5",IF(J10=15,"225",IF(J10=16,"237.5",0)))))))) | AM10: =IF(J10=17,"250",IF(J10=18,"262.50",IF(J10=19,"275",IF(J10=20,"287.50",IF(J10=21,"300",IF(J10=22,"312.50",IF(J10=23,"325",IF(J10=24,"337.50",0)))))))) | AN10: =IF(J10=25,"350",IF(J10=26,"362.50",IF(J10=27,"375",0))) | AO10: =IF(I10=0,"0",IF(I10<=7999.99,"1",IF(I10<=8999.99,"2",IF(I10<=9999.99,"3",IF(I10<=10999.99,"4",IF(I10<=11999.99,"5",IF(I10<=12999.99,"6",IF(I10>=12999.99,"0",0)))))))) | AP10: =IF(I10<=12999.99,"0",IF(I10<=13999.99,"7",IF(I10<=14999.99,"8",IF(I10<=15999.99,"9",IF(I10<=16999.99,"10",IF(I10<=17999.99,"11",IF(I10>=17999.99,"0"))))))) | AQ10: =IF(I10<=17999.99,"0",IF(I10<=18999.99,"12",IF(I10<=19999.99,"13",IF(I10<=20999.99,"14",IF(I10<=21999.99,"15",IF(I10<=22999.99,"16",IF(I10<=23999.99,"17",IF(I10>=23999.99,"0")))))))) | AR10: =IF(I10<=23999.99,"0",IF(I10<=24999.99,"18",IF(I10<=25999.99,"19",IF(I10<=26999.99,"20",IF(I10<=27999.99,"21",IF(I10<=28999.99,"22",IF(I10<=29999.99,"23",IF(I10>=29999.99,"0")))))))) | AS10: =IF(I10<=29999.99,"0",IF(I10<=30999.99,"24",IF(I10<=31999.99,"25",IF(I10<=32999.99,"26",IF(I10<=33999.99,"27",IF(I10<=34999.99,"28",IF(I10>=35000,"29"))))))) | AT10: =IF(J10=1,"87.50",IF(J10=2,"100",IF(J10=3,"112.50",IF(J10=4,"125",IF(J10=5,"137.50",IF(J10=6,"150",IF(J10=7,"162.50",IF(J10=8,"175",0)))))))) | AU10: =IF(J10=9,"187.50",IF(J10=10,"200",IF(J10=11,"212.50",IF(J10=12,"225",IF(J10=13,"237.50",IF(J10=14,"250",IF(J10=15,"262.50",IF(J10=16,"275",0)))))))) | AV10: =IF(J10=17,"287.50",IF(J10=18,"300",IF(J10=19,"312.50",IF(J10=20,"325",IF(J10=21,"337.50",IF(J10=22,"350",IF(J10=23,"362.50",IF(J10=24,"375",0)))))))) | AW10: =IF(J10=25,"387.50",IF(J10=26,"400",IF(J10=27,"412.50",IF(J10=28,"425",IF(J10=29,"437.50",0))))) | AX10: =IF(I10=0,"0",IF(I10<=8999.99,"1",IF(I10<=9999.99,"2",IF(I10<=10999.99,"3",IF(I10<=11999.99,"4",IF(I10<=12999.99,"5",IF(I10<=13999.99,"6",IF(I10>=13999.99,"0",0)))))))) | AY10: =IF(I10<=13999.99,"0",IF(I10<=14999.99,"7",IF(I10<=15999.99,"8",IF(I10<=16999.99,"9",IF(I10<=17999.99,"10",IF(I10<=18999.99,"11",IF(I10>=18999.99,"0"))))))) | AZ10: =IF(I10<=18999.99,"0",IF(I10<=19999.99,"12",IF(I10<=20999.99,"13",IF(I10<=21999.99,"14",IF(I10<=22999.99,"15",IF(I10<=23999.99,"16",IF(I10<=24999.99,"17",IF(I10>=24999.99,"0")))))))) | BA10: =IF(I10<=24999.99,"0",IF(I10<=25999.99,"18",IF(I10<=26999.99,"19",IF(I10<=27999.99,"20",IF(I10<=28999.99,"21",IF(I10<=29999.99,"22",IF(I10<=30999.99,"23",IF(I10>=30999.99,"0")))))))) | BB10: =IF(I10<=30999.99,"0",IF(I10<=31999.99,"24",IF(I10<=32999.99,"25",IF(I10<=33999.99,"26",IF(I10<=34999.99,"27",IF(I10>=35000,"28")))))) | BC10: =IF(J10=1,"100",IF(J10=2,"112.50",IF(J10=3,"125",IF(J10=4,"137.50",IF(J10=5,"150",IF(J10=6,"162.50",IF(J10=7,"175",IF(J10=8,"187.50",0)))))))) | BD10: =IF(J10=9,"200",IF(J10=10,"212.50",IF(J10=11,"225",IF(J10=12,"237.50",IF(J10=13,"250",IF(J10=14,"262.50",IF(J10=15,"275",IF(J10=16,"287.50",0)))))))) | BE10: =IF(J10=17,"300",IF(J10=18,"312.50",IF(J10=19,"325",IF(J10=20,"337.50",IF(J10=21,"350",IF(J10=22,"362.50",IF(J10=23,"375",IF(J10=24,"387.50",0)))))))) | BF10: =IF(J10=25,"400",IF(J10=26,"412.50",IF(J10=27,"425",IF(J10=28,"437.50",0)))) | BG10: =IF(L10=2008,AK10+AL10+AM10+AN10,IF(L10=2009,AK10+AL10+AM10+AN10,IF(L10=2010,AK10+AL10+AM10+AN10,IF(L10=2011,AK10+AL10+AM10+AN10,IF(L10=2012,AK10+AL10+AM10+AN10,IF(L10=2013,AT10+AU10+AV10+AW10,IF(L10=2014,BC10+BD10+BE10+BF10,IF(L10=2015,BC10+BD10+BE10+BF10)))))))) | BH10: =IF(L10=2008,AK10+AL10+AM10+AN10,IF(L10=2009,AK10+AL10+AM10+AN10,IF(L10=2010,AK10+AL10+AM10+AN10,IF(L10=2011,AK10+AL10+AM10+AN10,IF(L10=2012,AK10+AL10+AM10+AN10,IF(L10=2013,AT10+AU10+AV10+AW10,IF(L10=2014,BC10+BD10+BE10+BF10,IF(L10=2015,BC10+BD10+BE10+BF10)))))))) | BI10: =IF(BH10=0,0,IF(BH10<=M10,BH10,IF(BH10>=M10,M10))) | BJ10: =CODE(B10:B19) | BK10: =ISBLANK(E10) | BL10: =CODE(E10) | BM10: =CHAR(BL10) | BN10: =ISBLANK(F10) | BO10: =ISBLANK(BS10) | BP10: =ISBLANK(BT10) | BQ10: =ISBLANK(G10) | BR10: =TEXT(BT10,"MMDDYYYY")
A11: =A10+1 | J11: =IF(L11=2008,AF11+AG11+AH11+AI11+AJ11,IF(L11=2009,AF11+AG11+AH11+AI11+AJ11,IF(L11=2010,AF11+AG11+AH11+AI11+AJ11,IF(L11=2011,AF11+AG11+AH11+AI11+AJ11,IF(L11=2012,AF11+AG11+AH11+AI11+AJ11,IF(L11=2013,AO11+AP11+AQ11+AR11+AS11,IF(L11=2014,AX11+AY11+AZ11+BA11+BB11,IF(L11=2015,AX11+AY11+AZ11+BA11+BB11)))))))) | K11: =K10 | L11: =L10 | M11: =M10 | N11: =IF(I11=0,"0",IF(I11<=4999.99,"1",IF(I11<=5999.99,"2",IF(I11<=6999.99,"3",IF(I11<=7999.99,"4",IF(I11<=8999.99,"5",IF(I11<=9999.99,"6",IF(I11>=9999.99,"0",0)))))))) | O11: =IF(I11<=9999.99,"0",IF(I11<=10999.99,"7",IF(I11<=11999.99,"8",IF(I11<=12999.99,"9",IF(I11<=13999.99,"10",IF(I11<=14999.99,"11",IF(I11>=14999.99,"0"))))))) | P11: =IF(I11<=14999.99,"0",IF(I11>=15000,"12")) | Q11: =IF(J11=1,"50",IF(J11=2,"62.50",IF(J11=3,"75",IF(J11=4,"87.5",IF(J11=5,"100",IF(J11=6,"112.50",IF(J11=7,"125",IF(J11=8,"137.50",0)))))))) | R11: =IF(J11=9,"150",IF(J11=10,"162.50",IF(J11=11,"175",IF(J11=12,"187.50",0)))) | S11: =IF(I11=0,"0",IF(I11<=4999.99,"1",IF(I11<=5999.99,"2",IF(I11<=6999.99,"3",IF(I11<=7999.99,"4",IF(I11<=8999.99,"5",IF(I11<=9999.99,"6",IF(I11>=9999.99,"0",0)))))))) | T11: =IF(I11<=9999.99,"0",IF(I11<=10999.99,"7",IF(I11<=11999.99,"8",IF(I11<=12999.99,"9",IF(I11<=13999.99,"10",IF(I11<=14999.99,"11",IF(I11>=14999.99,"0"))))))) | U11: =IF(I11<=14999.99,"0",IF(I11<=15999.99,"12",IF(I11<=16999.99,"13",IF(I11<=17999.99,"14",IF(I11<=18999.99,"15",IF(I11<=19999.99,"16",IF(I11>=20000,"17"))))))) | V11: =IF(J11=1,"50",IF(J11=2,"62.50",IF(J11=3,"75",IF(J11=4,"87.5",IF(J11=5,"100",IF(J11=6,"112.50",IF(J11=7,"125",IF(J11=8,"137.50",0)))))))) | W11: =IF(J11=9,"150",IF(J11=10,"162.50",IF(J11=11,"175",IF(J11=12,"187.50",IF(J11=13,"200",IF(J11=14,"212.5",IF(J11=15,"225",IF(J11=16,"237.5",0)))))))) | X11: =IF(J11=17,"250",0) | Y11: =IF(I11=0,"0",IF(I11<=4999.99,"1",IF(I11<=5999.99,"2",IF(I11<=6999.99,"3",IF(I11<=7999.99,"4",IF(I11<=8999.99,"5",IF(I11<=9999.99,"6",IF(I11>=9999.99,"0",0)))))))) | Z11: =IF(I11<=9999.99,"0",IF(I11<=10999.99,"7",IF(I11<=11999.99,"8",IF(I11<=12999.99,"9",IF(I11<=13999.99,"10",IF(I11<=14999.99,"11",IF(I11>=14999.99,"0"))))))) | AA11: =IF(I11<=14999.99,"0",IF(I11<=15999.99,"12",IF(I11<=16999.99,"13",IF(I11<=17999.99,"14",IF(I11<=18999.99,"15",IF(I11<=19999.99,"16",IF(I11<=20999.99,"17",IF(I11>=20999.99,"0")))))))) | AB11: =IF(I11<=20999.99,"0",IF(I11<=21999.99,"18",IF(I11<=22999.99,"19",IF(I11<=23999.99,"20",IF(I11<=24999.99,"21",IF(I11>=25000,"22")))))) | AC11: =IF(J11=1,"50",IF(J11=2,"62.50",IF(J11=3,"75",IF(J11=4,"87.5",IF(J11=5,"100",IF(J11=6,"112.50",IF(J11=7,"125",IF(J11=8,"137.50",0)))))))) | AD11: =IF(J11=9,"150",IF(J11=10,"162.50",IF(J11=11,"175",IF(J11=12,"187.50",IF(J11=13,"200",IF(J11=14,"212.5",IF(J11=15,"225",IF(J11=16,"237.5",0)))))))) | AE11: =IF(J11=17,"250",IF(J11=18,"262.50",IF(J11=19,"275",IF(J11=20,"287.50",IF(J11=21,"300",IF(J11=22,"312.50",0)))))) | AF11: =IF(I11=0,"0",IF(I11<=4999.99,"1",IF(I11<=5999.99,"2",IF(I11<=6999.99,"3",IF(I11<=7999.99,"4",IF(I11<=8999.99,"5",IF(I11<=9999.99,"6",IF(I11>=9999.99,"0",0)))))))) | AG11: =IF(I11<=9999.99,"0",IF(I11<=10999.99,"7",IF(I11<=11999.99,"8",IF(I11<=12999.99,"9",IF(I11<=13999.99,"10",IF(I11<=14999.99,"11",IF(I11>=14999.99,"0"))))))) | AH11: =IF(I11<=14999.99,"0",IF(I11<=15999.99,"12",IF(I11<=16999.99,"13",IF(I11<=17999.99,"14",IF(I11<=18999.99,"15",IF(I11<=19999.99,"16",IF(I11<=20999.99,"17",IF(I11>=20999.99,"0")))))))) | AI11: =IF(I11<=20999.99,"0",IF(I11<=21999.99,"18",IF(I11<=22999.99,"19",IF(I11<=23999.99,"20",IF(I11<=24999.99,"21",IF(I11<=25999.99,"22",IF(I11<=26999.99,"23",IF(I11>=26999.99,"0")))))))) | AJ11: =IF(I11<=26999.99,"0",IF(I11<=27999.99,"24",IF(I11<=28999.99,"25",IF(I11<=29999.99,"26",IF(I11>=30000,"27"))))) | AK11: =IF(J11=1,"50",IF(J11=2,"62.50",IF(J11=3,"75",IF(J11=4,"87.5",IF(J11=5,"100",IF(J11=6,"112.50",IF(J11=7,"125",IF(J11=8,"137.50",0)))))))) | AL11: =IF(J11=9,"150",IF(J11=10,"162.50",IF(J11=11,"175",IF(J11=12,"187.50",IF(J11=13,"200",IF(J11=14,"212.5",IF(J11=15,"225",IF(J11=16,"237.5",0)))))))) | AM11: =IF(J11=17,"250",IF(J11=18,"262.50",IF(J11=19,"275",IF(J11=20,"287.50",IF(J11=21,"300",IF(J11=22,"312.50",IF(J11=23,"325",IF(J11=24,"337.50",0)))))))) | AN11: =IF(J11=25,"350",IF(J11=26,"362.50",IF(J11=27,"375",0))) | AO11: =IF(I11=0,"0",IF(I11<=7999.99,"1",IF(I11<=8999.99,"2",IF(I11<=9999.99,"3",IF(I11<=10999.99,"4",IF(I11<=11999.99,"5",IF(I11<=12999.99,"6",IF(I11>=12999.99,"0",0)))))))) | AP11: =IF(I11<=12999.99,"0",IF(I11<=13999.99,"7",IF(I11<=14999.99,"8",IF(I11<=15999.99,"9",IF(I11<=16999.99,"10",IF(I11<=17999.99,"11",IF(I11>=17999.99,"0"))))))) | AQ11: =IF(I11<=17999.99,"0",IF(I11<=18999.99,"12",IF(I11<=19999.99,"13",IF(I11<=20999.99,"14",IF(I11<=21999.99,"15",IF(I11<=22999.99,"16",IF(I11<=23999.99,"17",IF(I11>=23999.99,"0")))))))) | AR11: =IF(I11<=23999.99,"0",IF(I11<=24999.99,"18",IF(I11<=25999.99,"19",IF(I11<=26999.99,"20",IF(I11<=27999.99,"21",IF(I11<=28999.99,"22",IF(I11<=29999.99,"23",IF(I11>=29999.99,"0")))))))) | AS11: =IF(I11<=29999.99,"0",IF(I11<=30999.99,"24",IF(I11<=31999.99,"25",IF(I11<=32999.99,"26",IF(I11<=33999.99,"27",IF(I11<=34999.99,"28",IF(I11>=35000,"29"))))))) | AT11: =IF(J11=1,"87.50",IF(J11=2,"100",IF(J11=3,"112.50",IF(J11=4,"125",IF(J11=5,"137.50",IF(J11=6,"150",IF(J11=7,"162.50",IF(J11=8,"175",0)))))))) | AU11: =IF(J11=9,"187.50",IF(J11=10,"200",IF(J11=11,"212.50",IF(J11=12,"225",IF(J11=13,"237.50",IF(J11=14,"250",IF(J11=15,"262.50",IF(J11=16,"275",0)))))))) | AV11: =IF(J11=17,"287.50",IF(J11=18,"300",IF(J11=19,"312.50",IF(J11=20,"325",IF(J11=21,"337.50",IF(J11=22,"350",IF(J11=23,"362.50",IF(J11=24,"375",0)))))))) | AW11: =IF(J11=25,"387.50",IF(J11=26,"400",IF(J11=27,"412.50",IF(J11=28,"425",IF(J11=29,"437.50",0))))) | AX11: =IF(I11=0,"0",IF(I11<=8999.99,"1",IF(I11<=9999.99,"2",IF(I11<=10999.99,"3",IF(I11<=11999.99,"4",IF(I11<=12999.99,"5",IF(I11<=13999.99,"6",IF(I11>=13999.99,"0",0)))))))) | AY11: =IF(I11<=13999.99,"0",IF(I11<=14999.99,"7",IF(I11<=15999.99,"8",IF(I11<=16999.99,"9",IF(I11<=17999.99,"10",IF(I11<=18999.99,"11",IF(I11>=18999.99,"0"))))))) | AZ11: =IF(I11<=18999.99,"0",IF(I11<=19999.99,"12",IF(I11<=20999.99,"13",IF(I11<=21999.99,"14",IF(I11<=22999.99,"15",IF(I11<=23999.99,"16",IF(I11<=24999.99,"17",IF(I11>=24999.99,"0")))))))) | BA11: =IF(I11<=24999.99,"0",IF(I11<=25999.99,"18",IF(I11<=26999.99,"19",IF(I11<=27999.99,"20",IF(I11<=28999.99,"21",IF(I11<=29999.99,"22",IF(I11<=30999.99,"23",IF(I11>=30999.99,"0")))))))) | BB11: =IF(I11<=30999.99,"0",IF(I11<=31999.99,"24",IF(I11<=32999.99,"25",IF(I11<=33999.99,"26",IF(I11<=34999.99,"27",IF(I11>=35000,"28")))))) | BC11: =IF(J11=1,"100",IF(J11=2,"112.50",IF(J11=3,"125",IF(J11=4,"137.50",IF(J11=5,"150",IF(J11=6,"162.50",IF(J11=7,"175",IF(J11=8,"187.50",0)))))))) | BD11: =IF(J11=9,"200",IF(J11=10,"212.50",IF(J11=11,"225",IF(J11=12,"237.50",IF(J11=13,"250",IF(J11=14,"262.50",IF(J11=15,"275",IF(J11=16,"287.50",0)))))))) | BE11: =IF(J11=17,"300",IF(J11=18,"312.50",IF(J11=19,"325",IF(J11=20,"337.50",IF(J11=21,"350",IF(J11=22,"362.50",IF(J11=23,"375",IF(J11=24,"387.50",0)))))))) | BF11: =IF(J11=25,"400",IF(J11=26,"412.50",IF(J11=27,"425",IF(J11=28,"437.50",0)))) | BG11: =IF(L11=2008,AK11+AL11+AM11+AN11,IF(L11=2009,AK11+AL11+AM11+AN11,IF(L11=2010,AK11+AL11+AM11+AN11,IF(L11=2011,AK11+AL11+AM11+AN11,IF(L11=2012,AK11+AL11+AM11+AN11,IF(L11=2013,AT11+AU11+AV11+AW11,IF(L11=2014,BC11+BD11+BE11+BF11,IF(L11=2015,BC11+BD11+BE11+BF11)))))))) | BH11: =IF(L11=2008,AK11+AL11+AM11+AN11,IF(L11=2009,AK11+AL11+AM11+AN11,IF(L11=2010,AK11+AL11+AM11+AN11,IF(L11=2011,AK11+AL11+AM11+AN11,IF(L11=2012,AK11+AL11+AM11+AN11,IF(L11=2013,AT11+AU11+AV11+AW11,IF(L11=2014,BC11+BD11+BE11+BF11,IF(L11=2015,BC11+BD11+BE11+BF11)))))))) | BI11: =IF(BH11=0,0,IF(BH11<=M11,BH11,IF(BH11>=M11,M11))) | BJ11: =CODE(B11:B20) | BK11: =ISBLANK(E11) | BL11: =CODE(E11) | BM11: =CHAR(BL11) | BN11: =ISBLANK(F11) | BO11: =ISBLANK(BS11) | BP11: =ISBLANK(BT11) | BQ11: =ISBLANK(G11) | BR11: =TEXT(BT11,"MMDDYYYY")
A12: =A11+1 | J12: =IF(L12=2008,AF12+AG12+AH12+AI12+AJ12,IF(L12=2009,AF12+AG12+AH12+AI12+AJ12,IF(L12=2010,AF12+AG12+AH12+AI12+AJ12,IF(L12=2011,AF12+AG12+AH12+AI12+AJ12,IF(L12=2012,AF12+AG12+AH12+AI12+AJ12,IF(L12=2013,AO12+AP12+AQ12+AR12+AS12,IF(L12=2014,AX12+AY12+AZ12+BA12+BB12,IF(L12=2015,AX12+AY12+AZ12+BA12+BB12)))))))) | K12: =K11 | L12: =L11 | M12: =M11 | N12: =IF(I12=0,"0",IF(I12<=4999.99,"1",IF(I12<=5999.99,"2",IF(I12<=6999.99,"3",IF(I12<=7999.99,"4",IF(I12<=8999.99,"5",IF(I12<=9999.99,"6",IF(I12>=9999.99,"0",0)))))))) | O12: =IF(I12<=9999.99,"0",IF(I12<=10999.99,"7",IF(I12<=11999.99,"8",IF(I12<=12999.99,"9",IF(I12<=13999.99,"10",IF(I12<=14999.99,"11",IF(I12>=14999.99,"0"))))))) | P12: =IF(I12<=14999.99,"0",IF(I12>=15000,"12")) | Q12: =IF(J12=1,"50",IF(J12=2,"62.50",IF(J12=3,"75",IF(J12=4,"87.5",IF(J12=5,"100",IF(J12=6,"112.50",IF(J12=7,"125",IF(J12=8,"137.50",0)))))))) | R12: =IF(J12=9,"150",IF(J12=10,"162.50",IF(J12=11,"175",IF(J12=12,"187.50",0)))) | S12: =IF(I12=0,"0",IF(I12<=4999.99,"1",IF(I12<=5999.99,"2",IF(I12<=6999.99,"3",IF(I12<=7999.99,"4",IF(I12<=8999.99,"5",IF(I12<=9999.99,"6",IF(I12>=9999.99,"0",0)))))))) | T12: =IF(I12<=9999.99,"0",IF(I12<=10999.99,"7",IF(I12<=11999.99,"8",IF(I12<=12999.99,"9",IF(I12<=13999.99,"10",IF(I12<=14999.99,"11",IF(I12>=14999.99,"0"))))))) | U12: =IF(I12<=14999.99,"0",IF(I12<=15999.99,"12",IF(I12<=16999.99,"13",IF(I12<=17999.99,"14",IF(I12<=18999.99,"15",IF(I12<=19999.99,"16",IF(I12>=20000,"17"))))))) | V12: =IF(J12=1,"50",IF(J12=2,"62.50",IF(J12=3,"75",IF(J12=4,"87.5",IF(J12=5,"100",IF(J12=6,"112.50",IF(J12=7,"125",IF(J12=8,"137.50",0)))))))) | W12: =IF(J12=9,"150",IF(J12=10,"162.50",IF(J12=11,"175",IF(J12=12,"187.50",IF(J12=13,"200",IF(J12=14,"212.5",IF(J12=15,"225",IF(J12=16,"237.5",0)))))))) | X12: =IF(J12=17,"250",0) | Y12: =IF(I12=0,"0",IF(I12<=4999.99,"1",IF(I12<=5999.99,"2",IF(I12<=6999.99,"3",IF(I12<=7999.99,"4",IF(I12<=8999.99,"5",IF(I12<=9999.99,"6",IF(I12>=9999.99,"0",0)))))))) | Z12: =IF(I12<=9999.99,"0",IF(I12<=10999.99,"7",IF(I12<=11999.99,"8",IF(I12<=12999.99,"9",IF(I12<=13999.99,"10",IF(I12<=14999.99,"11",IF(I12>=14999.99,"0"))))))) | AA12: =IF(I12<=14999.99,"0",IF(I12<=15999.99,"12",IF(I12<=16999.99,"13",IF(I12<=17999.99,"14",IF(I12<=18999.99,"15",IF(I12<=19999.99,"16",IF(I12<=20999.99,"17",IF(I12>=20999.99,"0")))))))) | AB12: =IF(I12<=20999.99,"0",IF(I12<=21999.99,"18",IF(I12<=22999.99,"19",IF(I12<=23999.99,"20",IF(I12<=24999.99,"21",IF(I12>=25000,"22")))))) | AC12: =IF(J12=1,"50",IF(J12=2,"62.50",IF(J12=3,"75",IF(J12=4,"87.5",IF(J12=5,"100",IF(J12=6,"112.50",IF(J12=7,"125",IF(J12=8,"137.50",0)))))))) | AD12: =IF(J12=9,"150",IF(J12=10,"162.50",IF(J12=11,"175",IF(J12=12,"187.50",IF(J12=13,"200",IF(J12=14,"212.5",IF(J12=15,"225",IF(J12=16,"237.5",0)))))))) | AE12: =IF(J12=17,"250",IF(J12=18,"262.50",IF(J12=19,"275",IF(J12=20,"287.50",IF(J12=21,"300",IF(J12=22,"312.50",0)))))) | AF12: =IF(I12=0,"0",IF(I12<=4999.99,"1",IF(I12<=5999.99,"2",IF(I12<=6999.99,"3",IF(I12<=7999.99,"4",IF(I12<=8999.99,"5",IF(I12<=9999.99,"6",IF(I12>=9999.99,"0",0)))))))) | AG12: =IF(I12<=9999.99,"0",IF(I12<=10999.99,"7",IF(I12<=11999.99,"8",IF(I12<=12999.99,"9",IF(I12<=13999.99,"10",IF(I12<=14999.99,"11",IF(I12>=14999.99,"0"))))))) | AH12: =IF(I12<=14999.99,"0",IF(I12<=15999.99,"12",IF(I12<=16999.99,"13",IF(I12<=17999.99,"14",IF(I12<=18999.99,"15",IF(I12<=19999.99,"16",IF(I12<=20999.99,"17",IF(I12>=20999.99,"0")))))))) | AI12: =IF(I12<=20999.99,"0",IF(I12<=21999.99,"18",IF(I12<=22999.99,"19",IF(I12<=23999.99,"20",IF(I12<=24999.99,"21",IF(I12<=25999.99,"22",IF(I12<=26999.99,"23",IF(I12>=26999.99,"0")))))))) | AJ12: =IF(I12<=26999.99,"0",IF(I12<=27999.99,"24",IF(I12<=28999.99,"25",IF(I12<=29999.99,"26",IF(I12>=30000,"27"))))) | AK12: =IF(J12=1,"50",IF(J12=2,"62.50",IF(J12=3,"75",IF(J12=4,"87.5",IF(J12=5,"100",IF(J12=6,"112.50",IF(J12=7,"125",IF(J12=8,"137.50",0)))))))) | AL12: =IF(J12=9,"150",IF(J12=10,"162.50",IF(J12=11,"175",IF(J12=12,"187.50",IF(J12=13,"200",IF(J12=14,"212.5",IF(J12=15,"225",IF(J12=16,"237.5",0)))))))) | AM12: =IF(J12=17,"250",IF(J12=18,"262.50",IF(J12=19,"275",IF(J12=20,"287.50",IF(J12=21,"300",IF(J12=22,"312.50",IF(J12=23,"325",IF(J12=24,"337.50",0)))))))) | AN12: =IF(J12=25,"350",IF(J12=26,"362.50",IF(J12=27,"375",0))) | AO12: =IF(I12=0,"0",IF(I12<=7999.99,"1",IF(I12<=8999.99,"2",IF(I12<=9999.99,"3",IF(I12<=10999.99,"4",IF(I12<=11999.99,"5",IF(I12<=12999.99,"6",IF(I12>=12999.99,"0",0)))))))) | AP12: =IF(I12<=12999.99,"0",IF(I12<=13999.99,"7",IF(I12<=14999.99,"8",IF(I12<=15999.99,"9",IF(I12<=16999.99,"10",IF(I12<=17999.99,"11",IF(I12>=17999.99,"0"))))))) | AQ12: =IF(I12<=17999.99,"0",IF(I12<=18999.99,"12",IF(I12<=19999.99,"13",IF(I12<=20999.99,"14",IF(I12<=21999.99,"15",IF(I12<=22999.99,"16",IF(I12<=23999.99,"17",IF(I12>=23999.99,"0")))))))) | AR12: =IF(I12<=23999.99,"0",IF(I12<=24999.99,"18",IF(I12<=25999.99,"19",IF(I12<=26999.99,"20",IF(I12<=27999.99,"21",IF(I12<=28999.99,"22",IF(I12<=29999.99,"23",IF(I12>=29999.99,"0")))))))) | AS12: =IF(I12<=29999.99,"0",IF(I12<=30999.99,"24",IF(I12<=31999.99,"25",IF(I12<=32999.99,"26",IF(I12<=33999.99,"27",IF(I12<=34999.99,"28",IF(I12>=35000,"29"))))))) | AT12: =IF(J12=1,"87.50",IF(J12=2,"100",IF(J12=3,"112.50",IF(J12=4,"125",IF(J12=5,"137.50",IF(J12=6,"150",IF(J12=7,"162.50",IF(J12=8,"175",0)))))))) | AU12: =IF(J12=9,"187.50",IF(J12=10,"200",IF(J12=11,"212.50",IF(J12=12,"225",IF(J12=13,"237.50",IF(J12=14,"250",IF(J12=15,"262.50",IF(J12=16,"275",0)))))))) | AV12: =IF(J12=17,"287.50",IF(J12=18,"300",IF(J12=19,"312.50",IF(J12=20,"325",IF(J12=21,"337.50",IF(J12=22,"350",IF(J12=23,"362.50",IF(J12=24,"375",0)))))))) | AW12: =IF(J12=25,"387.50",IF(J12=26,"400",IF(J12=27,"412.50",IF(J12=28,"425",IF(J12=29,"437.50",0))))) | AX12: =IF(I12=0,"0",IF(I12<=8999.99,"1",IF(I12<=9999.99,"2",IF(I12<=10999.99,"3",IF(I12<=11999.99,"4",IF(I12<=12999.99,"5",IF(I12<=13999.99,"6",IF(I12>=13999.99,"0",0)))))))) | AY12: =IF(I12<=13999.99,"0",IF(I12<=14999.99,"7",IF(I12<=15999.99,"8",IF(I12<=16999.99,"9",IF(I12<=17999.99,"10",IF(I12<=18999.99,"11",IF(I12>=18999.99,"0"))))))) | AZ12: =IF(I12<=18999.99,"0",IF(I12<=19999.99,"12",IF(I12<=20999.99,"13",IF(I12<=21999.99,"14",IF(I12<=22999.99,"15",IF(I12<=23999.99,"16",IF(I12<=24999.99,"17",IF(I12>=24999.99,"0")))))))) | BA12: =IF(I12<=24999.99,"0",IF(I12<=25999.99,"18",IF(I12<=26999.99,"19",IF(I12<=27999.99,"20",IF(I12<=28999.99,"21",IF(I12<=29999.99,"22",IF(I12<=30999.99,"23",IF(I12>=30999.99,"0")))))))) | BB12: =IF(I12<=30999.99,"0",IF(I12<=31999.99,"24",IF(I12<=32999.99,"25",IF(I12<=33999.99,"26",IF(I12<=34999.99,"27",IF(I12>=35000,"28")))))) | BC12: =IF(J12=1,"100",IF(J12=2,"112.50",IF(J12=3,"125",IF(J12=4,"137.50",IF(J12=5,"150",IF(J12=6,"162.50",IF(J12=7,"175",IF(J12=8,"187.50",0)))))))) | BD12: =IF(J12=9,"200",IF(J12=10,"212.50",IF(J12=11,"225",IF(J12=12,"237.50",IF(J12=13,"250",IF(J12=14,"262.50",IF(J12=15,"275",IF(J12=16,"287.50",0)))))))) | BE12: =IF(J12=17,"300",IF(J12=18,"312.50",IF(J12=19,"325",IF(J12=20,"337.50",IF(J12=21,"350",IF(J12=22,"362.50",IF(J12=23,"375",IF(J12=24,"387.50",0)))))))) | BF12: =IF(J12=25,"400",IF(J12=26,"412.50",IF(J12=27,"425",IF(J12=28,"437.50",0)))) | BG12: =IF(L12=2008,AK12+AL12+AM12+AN12,IF(L12=2009,AK12+AL12+AM12+AN12,IF(L12=2010,AK12+AL12+AM12+AN12,IF(L12=2011,AK12+AL12+AM12+AN12,IF(L12=2012,AK12+AL12+AM12+AN12,IF(L12=2013,AT12+AU12+AV12+AW12,IF(L12=2014,BC12+BD12+BE12+BF12,IF(L12=2015,BC12+BD12+BE12+BF12)))))))) | BH12: =IF(L12=2008,AK12+AL12+AM12+AN12,IF(L12=2009,AK12+AL12+AM12+AN12,IF(L12=2010,AK12+AL12+AM12+AN12,IF(L12=2011,AK12+AL12+AM12+AN12,IF(L12=2012,AK12+AL12+AM12+AN12,IF(L12=2013,AT12+AU12+AV12+AW12,IF(L12=2014,BC12+BD12+BE12+BF12,IF(L12=2015,BC12+BD12+BE12+BF12)))))))) | BI12: =IF(BH12=0,0,IF(BH12<=M12,BH12,IF(BH12>=M12,M12))) | BJ12: =CODE(B12:B20) | BK12: =ISBLANK(E12) | BL12: =CODE(E12) | BM12: =CHAR(BL12) | BN12: =ISBLANK(F12) | BO12: =ISBLANK(BS12) | BP12: =ISBLANK(BT12) | BQ12: =ISBLANK(G12) | BR12: =TEXT(BT12,"MMDDYYYY")
A13: =A12+1 | J13: =IF(L13=2008,AF13+AG13+AH13+AI13+AJ13,IF(L13=2009,AF13+AG13+AH13+AI13+AJ13,IF(L13=2010,AF13+AG13+AH13+AI13+AJ13,IF(L13=2011,AF13+AG13+AH13+AI13+AJ13,IF(L13=2012,AF13+AG13+AH13+AI13+AJ13,IF(L13=2013,AO13+AP13+AQ13+AR13+AS13,IF(L13=2014,AX13+AY13+AZ13+BA13+BB13,IF(L13=2015,AX13+AY13+AZ13+BA13+BB13)))))))) | K13: =K12 | L13: =L12 | M13: =M12 | N13: =IF(I13=0,"0",IF(I13<=4999.99,"1",IF(I13<=5999.99,"2",IF(I13<=6999.99,"3",IF(I13<=7999.99,"4",IF(I13<=8999.99,"5",IF(I13<=9999.99,"6",IF(I13>=9999.99,"0",0)))))))) | O13: =IF(I13<=9999.99,"0",IF(I13<=10999.99,"7",IF(I13<=11999.99,"8",IF(I13<=12999.99,"9",IF(I13<=13999.99,"10",IF(I13<=14999.99,"11",IF(I13>=14999.99,"0"))))))) | P13: =IF(I13<=14999.99,"0",IF(I13>=15000,"12")) | Q13: =IF(J13=1,"50",IF(J13=2,"62.50",IF(J13=3,"75",IF(J13=4,"87.5",IF(J13=5,"100",IF(J13=6,"112.50",IF(J13=7,"125",IF(J13=8,"137.50",0)))))))) | R13: =IF(J13=9,"150",IF(J13=10,"162.50",IF(J13=11,"175",IF(J13=12,"187.50",0)))) | S13: =IF(I13=0,"0",IF(I13<=4999.99,"1",IF(I13<=5999.99,"2",IF(I13<=6999.99,"3",IF(I13<=7999.99,"4",IF(I13<=8999.99,"5",IF(I13<=9999.99,"6",IF(I13>=9999.99,"0",0)))))))) | T13: =IF(I13<=9999.99,"0",IF(I13<=10999.99,"7",IF(I13<=11999.99,"8",IF(I13<=12999.99,"9",IF(I13<=13999.99,"10",IF(I13<=14999.99,"11",IF(I13>=14999.99,"0"))))))) | U13: =IF(I13<=14999.99,"0",IF(I13<=15999.99,"12",IF(I13<=16999.99,"13",IF(I13<=17999.99,"14",IF(I13<=18999.99,"15",IF(I13<=19999.99,"16",IF(I13>=20000,"17"))))))) | V13: =IF(J13=1,"50",IF(J13=2,"62.50",IF(J13=3,"75",IF(J13=4,"87.5",IF(J13=5,"100",IF(J13=6,"112.50",IF(J13=7,"125",IF(J13=8,"137.50",0)))))))) | W13: =IF(J13=9,"150",IF(J13=10,"162.50",IF(J13=11,"175",IF(J13=12,"187.50",IF(J13=13,"200",IF(J13=14,"212.5",IF(J13=15,"225",IF(J13=16,"237.5",0)))))))) | X13: =IF(J13=17,"250",0) | Y13: =IF(I13=0,"0",IF(I13<=4999.99,"1",IF(I13<=5999.99,"2",IF(I13<=6999.99,"3",IF(I13<=7999.99,"4",IF(I13<=8999.99,"5",IF(I13<=9999.99,"6",IF(I13>=9999.99,"0",0)))))))) | Z13: =IF(I13<=9999.99,"0",IF(I13<=10999.99,"7",IF(I13<=11999.99,"8",IF(I13<=12999.99,"9",IF(I13<=13999.99,"10",IF(I13<=14999.99,"11",IF(I13>=14999.99,"0"))))))) | AA13: =IF(I13<=14999.99,"0",IF(I13<=15999.99,"12",IF(I13<=16999.99,"13",IF(I13<=17999.99,"14",IF(I13<=18999.99,"15",IF(I13<=19999.99,"16",IF(I13<=20999.99,"17",IF(I13>=20999.99,"0")))))))) | AB13: =IF(I13<=20999.99,"0",IF(I13<=21999.99,"18",IF(I13<=22999.99,"19",IF(I13<=23999.99,"20",IF(I13<=24999.99,"21",IF(I13>=25000,"22")))))) | AC13: =IF(J13=1,"50",IF(J13=2,"62.50",IF(J13=3,"75",IF(J13=4,"87.5",IF(J13=5,"100",IF(J13=6,"112.50",IF(J13=7,"125",IF(J13=8,"137.50",0)))))))) | AD13: =IF(J13=9,"150",IF(J13=10,"162.50",IF(J13=11,"175",IF(J13=12,"187.50",IF(J13=13,"200",IF(J13=14,"212.5",IF(J13=15,"225",IF(J13=16,"237.5",0)))))))) | AE13: =IF(J13=17,"250",IF(J13=18,"262.50",IF(J13=19,"275",IF(J13=20,"287.50",IF(J13=21,"300",IF(J13=22,"312.50",0)))))) | AF13: =IF(I13=0,"0",IF(I13<=4999.99,"1",IF(I13<=5999.99,"2",IF(I13<=6999.99,"3",IF(I13<=7999.99,"4",IF(I13<=8999.99,"5",IF(I13<=9999.99,"6",IF(I13>=9999.99,"0",0)))))))) | AG13: =IF(I13<=9999.99,"0",IF(I13<=10999.99,"7",IF(I13<=11999.99,"8",IF(I13<=12999.99,"9",IF(I13<=13999.99,"10",IF(I13<=14999.99,"11",IF(I13>=14999.99,"0"))))))) | AH13: =IF(I13<=14999.99,"0",IF(I13<=15999.99,"12",IF(I13<=16999.99,"13",IF(I13<=17999.99,"14",IF(I13<=18999.99,"15",IF(I13<=19999.99,"16",IF(I13<=20999.99,"17",IF(I13>=20999.99,"0")))))))) | AI13: =IF(I13<=20999.99,"0",IF(I13<=21999.99,"18",IF(I13<=22999.99,"19",IF(I13<=23999.99,"20",IF(I13<=24999.99,"21",IF(I13<=25999.99,"22",IF(I13<=26999.99,"23",IF(I13>=26999.99,"0")))))))) | AJ13: =IF(I13<=26999.99,"0",IF(I13<=27999.99,"24",IF(I13<=28999.99,"25",IF(I13<=29999.99,"26",IF(I13>=30000,"27"))))) | AK13: =IF(J13=1,"50",IF(J13=2,"62.50",IF(J13=3,"75",IF(J13=4,"87.5",IF(J13=5,"100",IF(J13=6,"112.50",IF(J13=7,"125",IF(J13=8,"137.50",0)))))))) | AL13: =IF(J13=9,"150",IF(J13=10,"162.50",IF(J13=11,"175",IF(J13=12,"187.50",IF(J13=13,"200",IF(J13=14,"212.5",IF(J13=15,"225",IF(J13=16,"237.5",0)))))))) | AM13: =IF(J13=17,"250",IF(J13=18,"262.50",IF(J13=19,"275",IF(J13=20,"287.50",IF(J13=21,"300",IF(J13=22,"312.50",IF(J13=23,"325",IF(J13=24,"337.50",0)))))))) | AN13: =IF(J13=25,"350",IF(J13=26,"362.50",IF(J13=27,"375",0))) | AO13: =IF(I13=0,"0",IF(I13<=7999.99,"1",IF(I13<=8999.99,"2",IF(I13<=9999.99,"3",IF(I13<=10999.99,"4",IF(I13<=11999.99,"5",IF(I13<=12999.99,"6",IF(I13>=12999.99,"0",0)))))))) | AP13: =IF(I13<=12999.99,"0",IF(I13<=13999.99,"7",IF(I13<=14999.99,"8",IF(I13<=15999.99,"9",IF(I13<=16999.99,"10",IF(I13<=17999.99,"11",IF(I13>=17999.99,"0"))))))) | AQ13: =IF(I13<=17999.99,"0",IF(I13<=18999.99,"12",IF(I13<=19999.99,"13",IF(I13<=20999.99,"14",IF(I13<=21999.99,"15",IF(I13<=22999.99,"16",IF(I13<=23999.99,"17",IF(I13>=23999.99,"0")))))))) | AR13: =IF(I13<=23999.99,"0",IF(I13<=24999.99,"18",IF(I13<=25999.99,"19",IF(I13<=26999.99,"20",IF(I13<=27999.99,"21",IF(I13<=28999.99,"22",IF(I13<=29999.99,"23",IF(I13>=29999.99,"0")))))))) | AS13: =IF(I13<=29999.99,"0",IF(I13<=30999.99,"24",IF(I13<=31999.99,"25",IF(I13<=32999.99,"26",IF(I13<=33999.99,"27",IF(I13<=34999.99,"28",IF(I13>=35000,"29"))))))) | AT13: =IF(J13=1,"87.50",IF(J13=2,"100",IF(J13=3,"112.50",IF(J13=4,"125",IF(J13=5,"137.50",IF(J13=6,"150",IF(J13=7,"162.50",IF(J13=8,"175",0)))))))) | AU13: =IF(J13=9,"187.50",IF(J13=10,"200",IF(J13=11,"212.50",IF(J13=12,"225",IF(J13=13,"237.50",IF(J13=14,"250",IF(J13=15,"262.50",IF(J13=16,"275",0)))))))) | AV13: =IF(J13=17,"287.50",IF(J13=18,"300",IF(J13=19,"312.50",IF(J13=20,"325",IF(J13=21,"337.50",IF(J13=22,"350",IF(J13=23,"362.50",IF(J13=24,"375",0)))))))) | AW13: =IF(J13=25,"387.50",IF(J13=26,"400",IF(J13=27,"412.50",IF(J13=28,"425",IF(J13=29,"437.50",0))))) | AX13: =IF(I13=0,"0",IF(I13<=8999.99,"1",IF(I13<=9999.99,"2",IF(I13<=10999.99,"3",IF(I13<=11999.99,"4",IF(I13<=12999.99,"5",IF(I13<=13999.99,"6",IF(I13>=13999.99,"0",0)))))))) | AY13: =IF(I13<=13999.99,"0",IF(I13<=14999.99,"7",IF(I13<=15999.99,"8",IF(I13<=16999.99,"9",IF(I13<=17999.99,"10",IF(I13<=18999.99,"11",IF(I13>=18999.99,"0"))))))) | AZ13: =IF(I13<=18999.99,"0",IF(I13<=19999.99,"12",IF(I13<=20999.99,"13",IF(I13<=21999.99,"14",IF(I13<=22999.99,"15",IF(I13<=23999.99,"16",IF(I13<=24999.99,"17",IF(I13>=24999.99,"0")))))))) | BA13: =IF(I13<=24999.99,"0",IF(I13<=25999.99,"18",IF(I13<=26999.99,"19",IF(I13<=27999.99,"20",IF(I13<=28999.99,"21",IF(I13<=29999.99,"22",IF(I13<=30999.99,"23",IF(I13>=30999.99,"0")))))))) | BB13: =IF(I13<=30999.99,"0",IF(I13<=31999.99,"24",IF(I13<=32999.99,"25",IF(I13<=33999.99,"26",IF(I13<=34999.99,"27",IF(I13>=35000,"28")))))) | BC13: =IF(J13=1,"100",IF(J13=2,"112.50",IF(J13=3,"125",IF(J13=4,"137.50",IF(J13=5,"150",IF(J13=6,"162.50",IF(J13=7,"175",IF(J13=8,"187.50",0)))))))) | BD13: =IF(J13=9,"200",IF(J13=10,"212.50",IF(J13=11,"225",IF(J13=12,"237.50",IF(J13=13,"250",IF(J13=14,"262.50",IF(J13=15,"275",IF(J13=16,"287.50",0)))))))) | BE13: =IF(J13=17,"300",IF(J13=18,"312.50",IF(J13=19,"325",IF(J13=20,"337.50",IF(J13=21,"350",IF(J13=22,"362.50",IF(J13=23,"375",IF(J13=24,"387.50",0)))))))) | BF13: =IF(J13=25,"400",IF(J13=26,"412.50",IF(J13=27,"425",IF(J13=28,"437.50",0)))) | BG13: =IF(L13=2008,AK13+AL13+AM13+AN13,IF(L13=2009,AK13+AL13+AM13+AN13,IF(L13=2010,AK13+AL13+AM13+AN13,IF(L13=2011,AK13+AL13+AM13+AN13,IF(L13=2012,AK13+AL13+AM13+AN13,IF(L13=2013,AT13+AU13+AV13+AW13,IF(L13=2014,BC13+BD13+BE13+BF13,IF(L13=2015,BC13+BD13+BE13+BF13)))))))) | BH13: =IF(L13=2008,AK13+AL13+AM13+AN13,IF(L13=2009,AK13+AL13+AM13+AN13,IF(L13=2010,AK13+AL13+AM13+AN13,IF(L13=2011,AK13+AL13+AM13+AN13,IF(L13=2012,AK13+AL13+AM13+AN13,IF(L13=2013,AT13+AU13+AV13+AW13,IF(L13=2014,BC13+BD13+BE13+BF13,IF(L13=2015,BC13+BD13+BE13+BF13)))))))) | BI13: =IF(BH13=0,0,IF(BH13<=M13,BH13,IF(BH13>=M13,M13))) | BJ13: =CODE(B13:B20) | BK13: =ISBLANK(E13) | BL13: =CODE(E13) | BM13: =CHAR(BL13) | BN13: =ISBLANK(F13) | BO13: =ISBLANK(BS13) | BP13: =ISBLANK(BT13) | BQ13: =ISBLANK(G13) | BR13: =TEXT(BT13,"MMDDYYYY")
A14: =A13+1 | J14: =IF(L14=2008,AF14+AG14+AH14+AI14+AJ14,IF(L14=2009,AF14+AG14+AH14+AI14+AJ14,IF(L14=2010,AF14+AG14+AH14+AI14+AJ14,IF(L14=2011,AF14+AG14+AH14+AI14+AJ14,IF(L14=2012,AF14+AG14+AH14+AI14+AJ14,IF(L14=2013,AO14+AP14+AQ14+AR14+AS14,IF(L14=2014,AX14+AY14+AZ14+BA14+BB14,IF(L14=2015,AX14+AY14+AZ14+BA14+BB14)))))))) | K14: =K13 | L14: =L13 | M14: =M13 | N14: =IF(I14=0,"0",IF(I14<=4999.99,"1",IF(I14<=5999.99,"2",IF(I14<=6999.99,"3",IF(I14<=7999.99,"4",IF(I14<=8999.99,"5",IF(I14<=9999.99,"6",IF(I14>=9999.99,"0",0)))))))) | O14: =IF(I14<=9999.99,"0",IF(I14<=10999.99,"7",IF(I14<=11999.99,"8",IF(I14<=12999.99,"9",IF(I14<=13999.99,"10",IF(I14<=14999.99,"11",IF(I14>=14999.99,"0"))))))) | P14: =IF(I14<=14999.99,"0",IF(I14>=15000,"12")) | Q14: =IF(J14=1,"50",IF(J14=2,"62.50",IF(J14=3,"75",IF(J14=4,"87.5",IF(J14=5,"100",IF(J14=6,"112.50",IF(J14=7,"125",IF(J14=8,"137.50",0)))))))) | R14: =IF(J14=9,"150",IF(J14=10,"162.50",IF(J14=11,"175",IF(J14=12,"187.50",0)))) | S14: =IF(I14=0,"0",IF(I14<=4999.99,"1",IF(I14<=5999.99,"2",IF(I14<=6999.99,"3",IF(I14<=7999.99,"4",IF(I14<=8999.99,"5",IF(I14<=9999.99,"6",IF(I14>=9999.99,"0",0)))))))) | T14: =IF(I14<=9999.99,"0",IF(I14<=10999.99,"7",IF(I14<=11999.99,"8",IF(I14<=12999.99,"9",IF(I14<=13999.99,"10",IF(I14<=14999.99,"11",IF(I14>=14999.99,"0"))))))) | U14: =IF(I14<=14999.99,"0",IF(I14<=15999.99,"12",IF(I14<=16999.99,"13",IF(I14<=17999.99,"14",IF(I14<=18999.99,"15",IF(I14<=19999.99,"16",IF(I14>=20000,"17"))))))) | V14: =IF(J14=1,"50",IF(J14=2,"62.50",IF(J14=3,"75",IF(J14=4,"87.5",IF(J14=5,"100",IF(J14=6,"112.50",IF(J14=7,"125",IF(J14=8,"137.50",0)))))))) | W14: =IF(J14=9,"150",IF(J14=10,"162.50",IF(J14=11,"175",IF(J14=12,"187.50",IF(J14=13,"200",IF(J14=14,"212.5",IF(J14=15,"225",IF(J14=16,"237.5",0)))))))) | X14: =IF(J14=17,"250",0) | Y14: =IF(I14=0,"0",IF(I14<=4999.99,"1",IF(I14<=5999.99,"2",IF(I14<=6999.99,"3",IF(I14<=7999.99,"4",IF(I14<=8999.99,"5",IF(I14<=9999.99,"6",IF(I14>=9999.99,"0",0)))))))) | Z14: =IF(I14<=9999.99,"0",IF(I14<=10999.99,"7",IF(I14<=11999.99,"8",IF(I14<=12999.99,"9",IF(I14<=13999.99,"10",IF(I14<=14999.99,"11",IF(I14>=14999.99,"0"))))))) | AA14: =IF(I14<=14999.99,"0",IF(I14<=15999.99,"12",IF(I14<=16999.99,"13",IF(I14<=17999.99,"14",IF(I14<=18999.99,"15",IF(I14<=19999.99,"16",IF(I14<=20999.99,"17",IF(I14>=20999.99,"0")))))))) | AB14: =IF(I14<=20999.99,"0",IF(I14<=21999.99,"18",IF(I14<=22999.99,"19",IF(I14<=23999.99,"20",IF(I14<=24999.99,"21",IF(I14>=25000,"22")))))) | AC14: =IF(J14=1,"50",IF(J14=2,"62.50",IF(J14=3,"75",IF(J14=4,"87.5",IF(J14=5,"100",IF(J14=6,"112.50",IF(J14=7,"125",IF(J14=8,"137.50",0)))))))) | AD14: =IF(J14=9,"150",IF(J14=10,"162.50",IF(J14=11,"175",IF(J14=12,"187.50",IF(J14=13,"200",IF(J14=14,"212.5",IF(J14=15,"225",IF(J14=16,"237.5",0)))))))) | AE14: =IF(J14=17,"250",IF(J14=18,"262.50",IF(J14=19,"275",IF(J14=20,"287.50",IF(J14=21,"300",IF(J14=22,"312.50",0)))))) | AF14: =IF(I14=0,"0",IF(I14<=4999.99,"1",IF(I14<=5999.99,"2",IF(I14<=6999.99,"3",IF(I14<=7999.99,"4",IF(I14<=8999.99,"5",IF(I14<=9999.99,"6",IF(I14>=9999.99,"0",0)))))))) | AG14: =IF(I14<=9999.99,"0",IF(I14<=10999.99,"7",IF(I14<=11999.99,"8",IF(I14<=12999.99,"9",IF(I14<=13999.99,"10",IF(I14<=14999.99,"11",IF(I14>=14999.99,"0"))))))) | AH14: =IF(I14<=14999.99,"0",IF(I14<=15999.99,"12",IF(I14<=16999.99,"13",IF(I14<=17999.99,"14",IF(I14<=18999.99,"15",IF(I14<=19999.99,"16",IF(I14<=20999.99,"17",IF(I14>=20999.99,"0")))))))) | AI14: =IF(I14<=20999.99,"0",IF(I14<=21999.99,"18",IF(I14<=22999.99,"19",IF(I14<=23999.99,"20",IF(I14<=24999.99,"21",IF(I14<=25999.99,"22",IF(I14<=26999.99,"23",IF(I14>=26999.99,"0")))))))) | AJ14: =IF(I14<=26999.99,"0",IF(I14<=27999.99,"24",IF(I14<=28999.99,"25",IF(I14<=29999.99,"26",IF(I14>=30000,"27"))))) | AK14: =IF(J14=1,"50",IF(J14=2,"62.50",IF(J14=3,"75",IF(J14=4,"87.5",IF(J14=5,"100",IF(J14=6,"112.50",IF(J14=7,"125",IF(J14=8,"137.50",0)))))))) | AL14: =IF(J14=9,"150",IF(J14=10,"162.50",IF(J14=11,"175",IF(J14=12,"187.50",IF(J14=13,"200",IF(J14=14,"212.5",IF(J14=15,"225",IF(J14=16,"237.5",0)))))))) | AM14: =IF(J14=17,"250",IF(J14=18,"262.50",IF(J14=19,"275",IF(J14=20,"287.50",IF(J14=21,"300",IF(J14=22,"312.50",IF(J14=23,"325",IF(J14=24,"337.50",0)))))))) | AN14: =IF(J14=25,"350",IF(J14=26,"362.50",IF(J14=27,"375",0))) | AO14: =IF(I14=0,"0",IF(I14<=7999.99,"1",IF(I14<=8999.99,"2",IF(I14<=9999.99,"3",IF(I14<=10999.99,"4",IF(I14<=11999.99,"5",IF(I14<=12999.99,"6",IF(I14>=12999.99,"0",0)))))))) | AP14: =IF(I14<=12999.99,"0",IF(I14<=13999.99,"7",IF(I14<=14999.99,"8",IF(I14<=15999.99,"9",IF(I14<=16999.99,"10",IF(I14<=17999.99,"11",IF(I14>=17999.99,"0"))))))) | AQ14: =IF(I14<=17999.99,"0",IF(I14<=18999.99,"12",IF(I14<=19999.99,"13",IF(I14<=20999.99,"14",IF(I14<=21999.99,"15",IF(I14<=22999.99,"16",IF(I14<=23999.99,"17",IF(I14>=23999.99,"0")))))))) | AR14: =IF(I14<=23999.99,"0",IF(I14<=24999.99,"18",IF(I14<=25999.99,"19",IF(I14<=26999.99,"20",IF(I14<=27999.99,"21",IF(I14<=28999.99,"22",IF(I14<=29999.99,"23",IF(I14>=29999.99,"0")))))))) | AS14: =IF(I14<=29999.99,"0",IF(I14<=30999.99,"24",IF(I14<=31999.99,"25",IF(I14<=32999.99,"26",IF(I14<=33999.99,"27",IF(I14<=34999.99,"28",IF(I14>=35000,"29"))))))) | AT14: =IF(J14=1,"87.50",IF(J14=2,"100",IF(J14=3,"112.50",IF(J14=4,"125",IF(J14=5,"137.50",IF(J14=6,"150",IF(J14=7,"162.50",IF(J14=8,"175",0)))))))) | AU14: =IF(J14=9,"187.50",IF(J14=10,"200",IF(J14=11,"212.50",IF(J14=12,"225",IF(J14=13,"237.50",IF(J14=14,"250",IF(J14=15,"262.50",IF(J14=16,"275",0)))))))) | AV14: =IF(J14=17,"287.50",IF(J14=18,"300",IF(J14=19,"312.50",IF(J14=20,"325",IF(J14=21,"337.50",IF(J14=22,"350",IF(J14=23,"362.50",IF(J14=24,"375",0)))))))) | AW14: =IF(J14=25,"387.50",IF(J14=26,"400",IF(J14=27,"412.50",IF(J14=28,"425",IF(J14=29,"437.50",0))))) | AX14: =IF(I14=0,"0",IF(I14<=8999.99,"1",IF(I14<=9999.99,"2",IF(I14<=10999.99,"3",IF(I14<=11999.99,"4",IF(I14<=12999.99,"5",IF(I14<=13999.99,"6",IF(I14>=13999.99,"0",0)))))))) | AY14: =IF(I14<=13999.99,"0",IF(I14<=14999.99,"7",IF(I14<=15999.99,"8",IF(I14<=16999.99,"9",IF(I14<=17999.99,"10",IF(I14<=18999.99,"11",IF(I14>=18999.99,"0"))))))) | AZ14: =IF(I14<=18999.99,"0",IF(I14<=19999.99,"12",IF(I14<=20999.99,"13",IF(I14<=21999.99,"14",IF(I14<=22999.99,"15",IF(I14<=23999.99,"16",IF(I14<=24999.99,"17",IF(I14>=24999.99,"0")))))))) | BA14: =IF(I14<=24999.99,"0",IF(I14<=25999.99,"18",IF(I14<=26999.99,"19",IF(I14<=27999.99,"20",IF(I14<=28999.99,"21",IF(I14<=29999.99,"22",IF(I14<=30999.99,"23",IF(I14>=30999.99,"0")))))))) | BB14: =IF(I14<=30999.99,"0",IF(I14<=31999.99,"24",IF(I14<=32999.99,"25",IF(I14<=33999.99,"26",IF(I14<=34999.99,"27",IF(I14>=35000,"28")))))) | BC14: =IF(J14=1,"100",IF(J14=2,"112.50",IF(J14=3,"125",IF(J14=4,"137.50",IF(J14=5,"150",IF(J14=6,"162.50",IF(J14=7,"175",IF(J14=8,"187.50",0)))))))) | BD14: =IF(J14=9,"200",IF(J14=10,"212.50",IF(J14=11,"225",IF(J14=12,"237.50",IF(J14=13,"250",IF(J14=14,"262.50",IF(J14=15,"275",IF(J14=16,"287.50",0)))))))) | BE14: =IF(J14=17,"300",IF(J14=18,"312.50",IF(J14=19,"325",IF(J14=20,"337.50",IF(J14=21,"350",IF(J14=22,"362.50",IF(J14=23,"375",IF(J14=24,"387.50",0)))))))) | BF14: =IF(J14=25,"400",IF(J14=26,"412.50",IF(J14=27,"425",IF(J14=28,"437.50",0)))) | BG14: =IF(L14=2008,AK14+AL14+AM14+AN14,IF(L14=2009,AK14+AL14+AM14+AN14,IF(L14=2010,AK14+AL14+AM14+AN14,IF(L14=2011,AK14+AL14+AM14+AN14,IF(L14=2012,AK14+AL14+AM14+AN14,IF(L14=2013,AT14+AU14+AV14+AW14,IF(L14=2014,BC14+BD14+BE14+BF14,IF(L14=2015,BC14+BD14+BE14+BF14)))))))) | BH14: =IF(L14=2008,AK14+AL14+AM14+AN14,IF(L14=2009,AK14+AL14+AM14+AN14,IF(L14=2010,AK14+AL14+AM14+AN14,IF(L14=2011,AK14+AL14+AM14+AN14,IF(L14=2012,AK14+AL14+AM14+AN14,IF(L14=2013,AT14+AU14+AV14+AW14,IF(L14=2014,BC14+BD14+BE14+BF14,IF(L14=2015,BC14+BD14+BE14+BF14)))))))) | BI14: =IF(BH14=0,0,IF(BH14<=M14,BH14,IF(BH14>=M14,M14))) | BJ14: =CODE(B14:B20) | BK14: =ISBLANK(E14) | BL14: =CODE(E14) | BM14: =CHAR(BL14) | BN14: =ISBLANK(F14) | BO14: =ISBLANK(BS14) | BP14: =ISBLANK(BT14) | BQ14: =ISBLANK(G14) | BR14: =TEXT(BT14,"MMDDYYYY")
A15: =A14+1 | J15: =IF(L15=2008,AF15+AG15+AH15+AI15+AJ15,IF(L15=2009,AF15+AG15+AH15+AI15+AJ15,IF(L15=2010,AF15+AG15+AH15+AI15+AJ15,IF(L15=2011,AF15+AG15+AH15+AI15+AJ15,IF(L15=2012,AF15+AG15+AH15+AI15+AJ15,IF(L15=2013,AO15+AP15+AQ15+AR15+AS15,IF(L15=2014,AX15+AY15+AZ15+BA15+BB15,IF(L15=2015,AX15+AY15+AZ15+BA15+BB15)))))))) | K15: =K14 | L15: =L14 | M15: =M14 | N15: =IF(I15=0,"0",IF(I15<=4999.99,"1",IF(I15<=5999.99,"2",IF(I15<=6999.99,"3",IF(I15<=7999.99,"4",IF(I15<=8999.99,"5",IF(I15<=9999.99,"6",IF(I15>=9999.99,"0",0)))))))) | O15: =IF(I15<=9999.99,"0",IF(I15<=10999.99,"7",IF(I15<=11999.99,"8",IF(I15<=12999.99,"9",IF(I15<=13999.99,"10",IF(I15<=14999.99,"11",IF(I15>=14999.99,"0"))))))) | P15: =IF(I15<=14999.99,"0",IF(I15>=15000,"12")) | Q15: =IF(J15=1,"50",IF(J15=2,"62.50",IF(J15=3,"75",IF(J15=4,"87.5",IF(J15=5,"100",IF(J15=6,"112.50",IF(J15=7,"125",IF(J15=8,"137.50",0)))))))) | R15: =IF(J15=9,"150",IF(J15=10,"162.50",IF(J15=11,"175",IF(J15=12,"187.50",0)))) | S15: =IF(I15=0,"0",IF(I15<=4999.99,"1",IF(I15<=5999.99,"2",IF(I15<=6999.99,"3",IF(I15<=7999.99,"4",IF(I15<=8999.99,"5",IF(I15<=9999.99,"6",IF(I15>=9999.99,"0",0)))))))) | T15: =IF(I15<=9999.99,"0",IF(I15<=10999.99,"7",IF(I15<=11999.99,"8",IF(I15<=12999.99,"9",IF(I15<=13999.99,"10",IF(I15<=14999.99,"11",IF(I15>=14999.99,"0"))))))) | U15: =IF(I15<=14999.99,"0",IF(I15<=15999.99,"12",IF(I15<=16999.99,"13",IF(I15<=17999.99,"14",IF(I15<=18999.99,"15",IF(I15<=19999.99,"16",IF(I15>=20000,"17"))))))) | V15: =IF(J15=1,"50",IF(J15=2,"62.50",IF(J15=3,"75",IF(J15=4,"87.5",IF(J15=5,"100",IF(J15=6,"112.50",IF(J15=7,"125",IF(J15=8,"137.50",0)))))))) | W15: =IF(J15=9,"150",IF(J15=10,"162.50",IF(J15=11,"175",IF(J15=12,"187.50",IF(J15=13,"200",IF(J15=14,"212.5",IF(J15=15,"225",IF(J15=16,"237.5",0)))))))) | X15: =IF(J15=17,"250",0) | Y15: =IF(I15=0,"0",IF(I15<=4999.99,"1",IF(I15<=5999.99,"2",IF(I15<=6999.99,"3",IF(I15<=7999.99,"4",IF(I15<=8999.99,"5",IF(I15<=9999.99,"6",IF(I15>=9999.99,"0",0)))))))) | Z15: =IF(I15<=9999.99,"0",IF(I15<=10999.99,"7",IF(I15<=11999.99,"8",IF(I15<=12999.99,"9",IF(I15<=13999.99,"10",IF(I15<=14999.99,"11",IF(I15>=14999.99,"0"))))))) | AA15: =IF(I15<=14999.99,"0",IF(I15<=15999.99,"12",IF(I15<=16999.99,"13",IF(I15<=17999.99,"14",IF(I15<=18999.99,"15",IF(I15<=19999.99,"16",IF(I15<=20999.99,"17",IF(I15>=20999.99,"0")))))))) | AB15: =IF(I15<=20999.99,"0",IF(I15<=21999.99,"18",IF(I15<=22999.99,"19",IF(I15<=23999.99,"20",IF(I15<=24999.99,"21",IF(I15>=25000,"22")))))) | AC15: =IF(J15=1,"50",IF(J15=2,"62.50",IF(J15=3,"75",IF(J15=4,"87.5",IF(J15=5,"100",IF(J15=6,"112.50",IF(J15=7,"125",IF(J15=8,"137.50",0)))))))) | AD15: =IF(J15=9,"150",IF(J15=10,"162.50",IF(J15=11,"175",IF(J15=12,"187.50",IF(J15=13,"200",IF(J15=14,"212.5",IF(J15=15,"225",IF(J15=16,"237.5",0)))))))) | AE15: =IF(J15=17,"250",IF(J15=18,"262.50",IF(J15=19,"275",IF(J15=20,"287.50",IF(J15=21,"300",IF(J15=22,"312.50",0)))))) | AF15: =IF(I15=0,"0",IF(I15<=4999.99,"1",IF(I15<=5999.99,"2",IF(I15<=6999.99,"3",IF(I15<=7999.99,"4",IF(I15<=8999.99,"5",IF(I15<=9999.99,"6",IF(I15>=9999.99,"0",0)))))))) | AG15: =IF(I15<=9999.99,"0",IF(I15<=10999.99,"7",IF(I15<=11999.99,"8",IF(I15<=12999.99,"9",IF(I15<=13999.99,"10",IF(I15<=14999.99,"11",IF(I15>=14999.99,"0"))))))) | AH15: =IF(I15<=14999.99,"0",IF(I15<=15999.99,"12",IF(I15<=16999.99,"13",IF(I15<=17999.99,"14",IF(I15<=18999.99,"15",IF(I15<=19999.99,"16",IF(I15<=20999.99,"17",IF(I15>=20999.99,"0")))))))) | AI15: =IF(I15<=20999.99,"0",IF(I15<=21999.99,"18",IF(I15<=22999.99,"19",IF(I15<=23999.99,"20",IF(I15<=24999.99,"21",IF(I15<=25999.99,"22",IF(I15<=26999.99,"23",IF(I15>=26999.99,"0")))))))) | AJ15: =IF(I15<=26999.99,"0",IF(I15<=27999.99,"24",IF(I15<=28999.99,"25",IF(I15<=29999.99,"26",IF(I15>=30000,"27"))))) | AK15: =IF(J15=1,"50",IF(J15=2,"62.50",IF(J15=3,"75",IF(J15=4,"87.5",IF(J15=5,"100",IF(J15=6,"112.50",IF(J15=7,"125",IF(J15=8,"137.50",0)))))))) | AL15: =IF(J15=9,"150",IF(J15=10,"162.50",IF(J15=11,"175",IF(J15=12,"187.50",IF(J15=13,"200",IF(J15=14,"212.5",IF(J15=15,"225",IF(J15=16,"237.5",0)))))))) | AM15: =IF(J15=17,"250",IF(J15=18,"262.50",IF(J15=19,"275",IF(J15=20,"287.50",IF(J15=21,"300",IF(J15=22,"312.50",IF(J15=23,"325",IF(J15=24,"337.50",0)))))))) | AN15: =IF(J15=25,"350",IF(J15=26,"362.50",IF(J15=27,"375",0))) | AO15: =IF(I15=0,"0",IF(I15<=7999.99,"1",IF(I15<=8999.99,"2",IF(I15<=9999.99,"3",IF(I15<=10999.99,"4",IF(I15<=11999.99,"5",IF(I15<=12999.99,"6",IF(I15>=12999.99,"0",0)))))))) | AP15: =IF(I15<=12999.99,"0",IF(I15<=13999.99,"7",IF(I15<=14999.99,"8",IF(I15<=15999.99,"9",IF(I15<=16999.99,"10",IF(I15<=17999.99,"11",IF(I15>=17999.99,"0"))))))) | AQ15: =IF(I15<=17999.99,"0",IF(I15<=18999.99,"12",IF(I15<=19999.99,"13",IF(I15<=20999.99,"14",IF(I15<=21999.99,"15",IF(I15<=22999.99,"16",IF(I15<=23999.99,"17",IF(I15>=23999.99,"0")))))))) | AR15: =IF(I15<=23999.99,"0",IF(I15<=24999.99,"18",IF(I15<=25999.99,"19",IF(I15<=26999.99,"20",IF(I15<=27999.99,"21",IF(I15<=28999.99,"22",IF(I15<=29999.99,"23",IF(I15>=29999.99,"0")))))))) | AS15: =IF(I15<=29999.99,"0",IF(I15<=30999.99,"24",IF(I15<=31999.99,"25",IF(I15<=32999.99,"26",IF(I15<=33999.99,"27",IF(I15<=34999.99,"28",IF(I15>=35000,"29"))))))) | AT15: =IF(J15=1,"87.50",IF(J15=2,"100",IF(J15=3,"112.50",IF(J15=4,"125",IF(J15=5,"137.50",IF(J15=6,"150",IF(J15=7,"162.50",IF(J15=8,"175",0)))))))) | AU15: =IF(J15=9,"187.50",IF(J15=10,"200",IF(J15=11,"212.50",IF(J15=12,"225",IF(J15=13,"237.50",IF(J15=14,"250",IF(J15=15,"262.50",IF(J15=16,"275",0)))))))) | AV15: =IF(J15=17,"287.50",IF(J15=18,"300",IF(J15=19,"312.50",IF(J15=20,"325",IF(J15=21,"337.50",IF(J15=22,"350",IF(J15=23,"362.50",IF(J15=24,"375",0)))))))) | AW15: =IF(J15=25,"387.50",IF(J15=26,"400",IF(J15=27,"412.50",IF(J15=28,"425",IF(J15=29,"437.50",0))))) | AX15: =IF(I15=0,"0",IF(I15<=8999.99,"1",IF(I15<=9999.99,"2",IF(I15<=10999.99,"3",IF(I15<=11999.99,"4",IF(I15<=12999.99,"5",IF(I15<=13999.99,"6",IF(I15>=13999.99,"0",0)))))))) | AY15: =IF(I15<=13999.99,"0",IF(I15<=14999.99,"7",IF(I15<=15999.99,"8",IF(I15<=16999.99,"9",IF(I15<=17999.99,"10",IF(I15<=18999.99,"11",IF(I15>=18999.99,"0"))))))) | AZ15: =IF(I15<=18999.99,"0",IF(I15<=19999.99,"12",IF(I15<=20999.99,"13",IF(I15<=21999.99,"14",IF(I15<=22999.99,"15",IF(I15<=23999.99,"16",IF(I15<=24999.99,"17",IF(I15>=24999.99,"0")))))))) | BA15: =IF(I15<=24999.99,"0",IF(I15<=25999.99,"18",IF(I15<=26999.99,"19",IF(I15<=27999.99,"20",IF(I15<=28999.99,"21",IF(I15<=29999.99,"22",IF(I15<=30999.99,"23",IF(I15>=30999.99,"0")))))))) | BB15: =IF(I15<=30999.99,"0",IF(I15<=31999.99,"24",IF(I15<=32999.99,"25",IF(I15<=33999.99,"26",IF(I15<=34999.99,"27",IF(I15>=35000,"28")))))) | BC15: =IF(J15=1,"100",IF(J15=2,"112.50",IF(J15=3,"125",IF(J15=4,"137.50",IF(J15=5,"150",IF(J15=6,"162.50",IF(J15=7,"175",IF(J15=8,"187.50",0)))))))) | BD15: =IF(J15=9,"200",IF(J15=10,"212.50",IF(J15=11,"225",IF(J15=12,"237.50",IF(J15=13,"250",IF(J15=14,"262.50",IF(J15=15,"275",IF(J15=16,"287.50",0)))))))) | BE15: =IF(J15=17,"300",IF(J15=18,"312.50",IF(J15=19,"325",IF(J15=20,"337.50",IF(J15=21,"350",IF(J15=22,"362.50",IF(J15=23,"375",IF(J15=24,"387.50",0)))))))) | BF15: =IF(J15=25,"400",IF(J15=26,"412.50",IF(J15=27,"425",IF(J15=28,"437.50",0)))) | BG15: =IF(L15=2008,AK15+AL15+AM15+AN15,IF(L15=2009,AK15+AL15+AM15+AN15,IF(L15=2010,AK15+AL15+AM15+AN15,IF(L15=2011,AK15+AL15+AM15+AN15,IF(L15=2012,AK15+AL15+AM15+AN15,IF(L15=2013,AT15+AU15+AV15+AW15,IF(L15=2014,BC15+BD15+BE15+BF15,IF(L15=2015,BC15+BD15+BE15+BF15)))))))) | BH15: =IF(L15=2008,AK15+AL15+AM15+AN15,IF(L15=2009,AK15+AL15+AM15+AN15,IF(L15=2010,AK15+AL15+AM15+AN15,IF(L15=2011,AK15+AL15+AM15+AN15,IF(L15=2012,AK15+AL15+AM15+AN15,IF(L15=2013,AT15+AU15+AV15+AW15,IF(L15=2014,BC15+BD15+BE15+BF15,IF(L15=2015,BC15+BD15+BE15+BF15)))))))) | BI15: =IF(BH15=0,0,IF(BH15<=M15,BH15,IF(BH15>=M15,M15))) | BJ15: =CODE(B15:B20) | BK15: =ISBLANK(E15) | BL15: =CODE(E15) | BM15: =CHAR(BL15) | BN15: =ISBLANK(F15) | BO15: =ISBLANK(BS15) | BP15: =ISBLANK(BT15) | BQ15: =ISBLANK(G15) | BR15: =TEXT(BT15,"MMDDYYYY")
A16: =A15+1 | J16: =IF(L16=2008,AF16+AG16+AH16+AI16+AJ16,IF(L16=2009,AF16+AG16+AH16+AI16+AJ16,IF(L16=2010,AF16+AG16+AH16+AI16+AJ16,IF(L16=2011,AF16+AG16+AH16+AI16+AJ16,IF(L16=2012,AF16+AG16+AH16+AI16+AJ16,IF(L16=2013,AO16+AP16+AQ16+AR16+AS16,IF(L16=2014,AX16+AY16+AZ16+BA16+BB16,IF(L16=2015,AX16+AY16+AZ16+BA16+BB16)))))))) | K16: =K15 | L16: =L15 | M16: =M15 | N16: =IF(I16=0,"0",IF(I16<=4999.99,"1",IF(I16<=5999.99,"2",IF(I16<=6999.99,"3",IF(I16<=7999.99,"4",IF(I16<=8999.99,"5",IF(I16<=9999.99,"6",IF(I16>=9999.99,"0",0)))))))) | O16: =IF(I16<=9999.99,"0",IF(I16<=10999.99,"7",IF(I16<=11999.99,"8",IF(I16<=12999.99,"9",IF(I16<=13999.99,"10",IF(I16<=14999.99,"11",IF(I16>=14999.99,"0"))))))) | P16: =IF(I16<=14999.99,"0",IF(I16>=15000,"12")) | Q16: =IF(J16=1,"50",IF(J16=2,"62.50",IF(J16=3,"75",IF(J16=4,"87.5",IF(J16=5,"100",IF(J16=6,"112.50",IF(J16=7,"125",IF(J16=8,"137.50",0)))))))) | R16: =IF(J16=9,"150",IF(J16=10,"162.50",IF(J16=11,"175",IF(J16=12,"187.50",0)))) | S16: =IF(I16=0,"0",IF(I16<=4999.99,"1",IF(I16<=5999.99,"2",IF(I16<=6999.99,"3",IF(I16<=7999.99,"4",IF(I16<=8999.99,"5",IF(I16<=9999.99,"6",IF(I16>=9999.99,"0",0)))))))) | T16: =IF(I16<=9999.99,"0",IF(I16<=10999.99,"7",IF(I16<=11999.99,"8",IF(I16<=12999.99,"9",IF(I16<=13999.99,"10",IF(I16<=14999.99,"11",IF(I16>=14999.99,"0"))))))) | U16: =IF(I16<=14999.99,"0",IF(I16<=15999.99,"12",IF(I16<=16999.99,"13",IF(I16<=17999.99,"14",IF(I16<=18999.99,"15",IF(I16<=19999.99,"16",IF(I16>=20000,"17"))))))) | V16: =IF(J16=1,"50",IF(J16=2,"62.50",IF(J16=3,"75",IF(J16=4,"87.5",IF(J16=5,"100",IF(J16=6,"112.50",IF(J16=7,"125",IF(J16=8,"137.50",0)))))))) | W16: =IF(J16=9,"150",IF(J16=10,"162.50",IF(J16=11,"175",IF(J16=12,"187.50",IF(J16=13,"200",IF(J16=14,"212.5",IF(J16=15,"225",IF(J16=16,"237.5",0)))))))) | X16: =IF(J16=17,"250",0) | Y16: =IF(I16=0,"0",IF(I16<=4999.99,"1",IF(I16<=5999.99,"2",IF(I16<=6999.99,"3",IF(I16<=7999.99,"4",IF(I16<=8999.99,"5",IF(I16<=9999.99,"6",IF(I16>=9999.99,"0",0)))))))) | Z16: =IF(I16<=9999.99,"0",IF(I16<=10999.99,"7",IF(I16<=11999.99,"8",IF(I16<=12999.99,"9",IF(I16<=13999.99,"10",IF(I16<=14999.99,"11",IF(I16>=14999.99,"0"))))))) | AA16: =IF(I16<=14999.99,"0",IF(I16<=15999.99,"12",IF(I16<=16999.99,"13",IF(I16<=17999.99,"14",IF(I16<=18999.99,"15",IF(I16<=19999.99,"16",IF(I16<=20999.99,"17",IF(I16>=20999.99,"0")))))))) | AB16: =IF(I16<=20999.99,"0",IF(I16<=21999.99,"18",IF(I16<=22999.99,"19",IF(I16<=23999.99,"20",IF(I16<=24999.99,"21",IF(I16>=25000,"22")))))) | AC16: =IF(J16=1,"50",IF(J16=2,"62.50",IF(J16=3,"75",IF(J16=4,"87.5",IF(J16=5,"100",IF(J16=6,"112.50",IF(J16=7,"125",IF(J16=8,"137.50",0)))))))) | AD16: =IF(J16=9,"150",IF(J16=10,"162.50",IF(J16=11,"175",IF(J16=12,"187.50",IF(J16=13,"200",IF(J16=14,"212.5",IF(J16=15,"225",IF(J16=16,"237.5",0)))))))) | AE16: =IF(J16=17,"250",IF(J16=18,"262.50",IF(J16=19,"275",IF(J16=20,"287.50",IF(J16=21,"300",IF(J16=22,"312.50",0)))))) | AF16: =IF(I16=0,"0",IF(I16<=4999.99,"1",IF(I16<=5999.99,"2",IF(I16<=6999.99,"3",IF(I16<=7999.99,"4",IF(I16<=8999.99,"5",IF(I16<=9999.99,"6",IF(I16>=9999.99,"0",0)))))))) | AG16: =IF(I16<=9999.99,"0",IF(I16<=10999.99,"7",IF(I16<=11999.99,"8",IF(I16<=12999.99,"9",IF(I16<=13999.99,"10",IF(I16<=14999.99,"11",IF(I16>=14999.99,"0"))))))) | AH16: =IF(I16<=14999.99,"0",IF(I16<=15999.99,"12",IF(I16<=16999.99,"13",IF(I16<=17999.99,"14",IF(I16<=18999.99,"15",IF(I16<=19999.99,"16",IF(I16<=20999.99,"17",IF(I16>=20999.99,"0")))))))) | AI16: =IF(I16<=20999.99,"0",IF(I16<=21999.99,"18",IF(I16<=22999.99,"19",IF(I16<=23999.99,"20",IF(I16<=24999.99,"21",IF(I16<=25999.99,"22",IF(I16<=26999.99,"23",IF(I16>=26999.99,"0")))))))) | AJ16: =IF(I16<=26999.99,"0",IF(I16<=27999.99,"24",IF(I16<=28999.99,"25",IF(I16<=29999.99,"26",IF(I16>=30000,"27"))))) | AK16: =IF(J16=1,"50",IF(J16=2,"62.50",IF(J16=3,"75",IF(J16=4,"87.5",IF(J16=5,"100",IF(J16=6,"112.50",IF(J16=7,"125",IF(J16=8,"137.50",0)))))))) | AL16: =IF(J16=9,"150",IF(J16=10,"162.50",IF(J16=11,"175",IF(J16=12,"187.50",IF(J16=13,"200",IF(J16=14,"212.5",IF(J16=15,"225",IF(J16=16,"237.5",0)))))))) | AM16: =IF(J16=17,"250",IF(J16=18,"262.50",IF(J16=19,"275",IF(J16=20,"287.50",IF(J16=21,"300",IF(J16=22,"312.50",IF(J16=23,"325",IF(J16=24,"337.50",0)))))))) | AN16: =IF(J16=25,"350",IF(J16=26,"362.50",IF(J16=27,"375",0))) | AO16: =IF(I16=0,"0",IF(I16<=7999.99,"1",IF(I16<=8999.99,"2",IF(I16<=9999.99,"3",IF(I16<=10999.99,"4",IF(I16<=11999.99,"5",IF(I16<=12999.99,"6",IF(I16>=12999.99,"0",0)))))))) | AP16: =IF(I16<=12999.99,"0",IF(I16<=13999.99,"7",IF(I16<=14999.99,"8",IF(I16<=15999.99,"9",IF(I16<=16999.99,"10",IF(I16<=17999.99,"11",IF(I16>=17999.99,"0"))))))) | AQ16: =IF(I16<=17999.99,"0",IF(I16<=18999.99,"12",IF(I16<=19999.99,"13",IF(I16<=20999.99,"14",IF(I16<=21999.99,"15",IF(I16<=22999.99,"16",IF(I16<=23999.99,"17",IF(I16>=23999.99,"0")))))))) | AR16: =IF(I16<=23999.99,"0",IF(I16<=24999.99,"18",IF(I16<=25999.99,"19",IF(I16<=26999.99,"20",IF(I16<=27999.99,"21",IF(I16<=28999.99,"22",IF(I16<=29999.99,"23",IF(I16>=29999.99,"0")))))))) | AS16: =IF(I16<=29999.99,"0",IF(I16<=30999.99,"24",IF(I16<=31999.99,"25",IF(I16<=32999.99,"26",IF(I16<=33999.99,"27",IF(I16<=34999.99,"28",IF(I16>=35000,"29"))))))) | AT16: =IF(J16=1,"87.50",IF(J16=2,"100",IF(J16=3,"112.50",IF(J16=4,"125",IF(J16=5,"137.50",IF(J16=6,"150",IF(J16=7,"162.50",IF(J16=8,"175",0)))))))) | AU16: =IF(J16=9,"187.50",IF(J16=10,"200",IF(J16=11,"212.50",IF(J16=12,"225",IF(J16=13,"237.50",IF(J16=14,"250",IF(J16=15,"262.50",IF(J16=16,"275",0)))))))) | AV16: =IF(J16=17,"287.50",IF(J16=18,"300",IF(J16=19,"312.50",IF(J16=20,"325",IF(J16=21,"337.50",IF(J16=22,"350",IF(J16=23,"362.50",IF(J16=24,"375",0)))))))) | AW16: =IF(J16=25,"387.50",IF(J16=26,"400",IF(J16=27,"412.50",IF(J16=28,"425",IF(J16=29,"437.50",0))))) | AX16: =IF(I16=0,"0",IF(I16<=8999.99,"1",IF(I16<=9999.99,"2",IF(I16<=10999.99,"3",IF(I16<=11999.99,"4",IF(I16<=12999.99,"5",IF(I16<=13999.99,"6",IF(I16>=13999.99,"0",0)))))))) | AY16: =IF(I16<=13999.99,"0",IF(I16<=14999.99,"7",IF(I16<=15999.99,"8",IF(I16<=16999.99,"9",IF(I16<=17999.99,"10",IF(I16<=18999.99,"11",IF(I16>=18999.99,"0"))))))) | AZ16: =IF(I16<=18999.99,"0",IF(I16<=19999.99,"12",IF(I16<=20999.99,"13",IF(I16<=21999.99,"14",IF(I16<=22999.99,"15",IF(I16<=23999.99,"16",IF(I16<=24999.99,"17",IF(I16>=24999.99,"0")))))))) | BA16: =IF(I16<=24999.99,"0",IF(I16<=25999.99,"18",IF(I16<=26999.99,"19",IF(I16<=27999.99,"20",IF(I16<=28999.99,"21",IF(I16<=29999.99,"22",IF(I16<=30999.99,"23",IF(I16>=30999.99,"0")))))))) | BB16: =IF(I16<=30999.99,"0",IF(I16<=31999.99,"24",IF(I16<=32999.99,"25",IF(I16<=33999.99,"26",IF(I16<=34999.99,"27",IF(I16>=35000,"28")))))) | BC16: =IF(J16=1,"100",IF(J16=2,"112.50",IF(J16=3,"125",IF(J16=4,"137.50",IF(J16=5,"150",IF(J16=6,"162.50",IF(J16=7,"175",IF(J16=8,"187.50",0)))))))) | BD16: =IF(J16=9,"200",IF(J16=10,"212.50",IF(J16=11,"225",IF(J16=12,"237.50",IF(J16=13,"250",IF(J16=14,"262.50",IF(J16=15,"275",IF(J16=16,"287.50",0)))))))) | BE16: =IF(J16=17,"300",IF(J16=18,"312.50",IF(J16=19,"325",IF(J16=20,"337.50",IF(J16=21,"350",IF(J16=22,"362.50",IF(J16=23,"375",IF(J16=24,"387.50",0)))))))) | BF16: =IF(J16=25,"400",IF(J16=26,"412.50",IF(J16=27,"425",IF(J16=28,"437.50",0)))) | BG16: =IF(L16=2008,AK16+AL16+AM16+AN16,IF(L16=2009,AK16+AL16+AM16+AN16,IF(L16=2010,AK16+AL16+AM16+AN16,IF(L16=2011,AK16+AL16+AM16+AN16,IF(L16=2012,AK16+AL16+AM16+AN16,IF(L16=2013,AT16+AU16+AV16+AW16,IF(L16=2014,BC16+BD16+BE16+BF16,IF(L16=2015,BC16+BD16+BE16+BF16)))))))) | BH16: =IF(L16=2008,AK16+AL16+AM16+AN16,IF(L16=2009,AK16+AL16+AM16+AN16,IF(L16=2010,AK16+AL16+AM16+AN16,IF(L16=2011,AK16+AL16+AM16+AN16,IF(L16=2012,AK16+AL16+AM16+AN16,IF(L16=2013,AT16+AU16+AV16+AW16,IF(L16=2014,BC16+BD16+BE16+BF16,IF(L16=2015,BC16+BD16+BE16+BF16)))))))) | BI16: =IF(BH16=0,0,IF(BH16<=M16,BH16,IF(BH16>=M16,M16))) | BJ16: =CODE(B16:B20) | BK16: =ISBLANK(E16) | BL16: =CODE(E16) | BM16: =CHAR(BL16) | BN16: =ISBLANK(F16) | BO16: =ISBLANK(BS16) | BP16: =ISBLANK(BT16) | BQ16: =ISBLANK(G16) | BR16: =TEXT(BT16,"MMDDYYYY")
A17: =A16+1 | J17: =IF(L17=2008,AF17+AG17+AH17+AI17+AJ17,IF(L17=2009,AF17+AG17+AH17+AI17+AJ17,IF(L17=2010,AF17+AG17+AH17+AI17+AJ17,IF(L17=2011,AF17+AG17+AH17+AI17+AJ17,IF(L17=2012,AF17+AG17+AH17+AI17+AJ17,IF(L17=2013,AO17+AP17+AQ17+AR17+AS17,IF(L17=2014,AX17+AY17+AZ17+BA17+BB17,IF(L17=2015,AX17+AY17+AZ17+BA17+BB17)))))))) | K17: =K16 | L17: =L16 | M17: =M16 | N17: =IF(I17=0,"0",IF(I17<=4999.99,"1",IF(I17<=5999.99,"2",IF(I17<=6999.99,"3",IF(I17<=7999.99,"4",IF(I17<=8999.99,"5",IF(I17<=9999.99,"6",IF(I17>=9999.99,"0",0)))))))) | O17: =IF(I17<=9999.99,"0",IF(I17<=10999.99,"7",IF(I17<=11999.99,"8",IF(I17<=12999.99,"9",IF(I17<=13999.99,"10",IF(I17<=14999.99,"11",IF(I17>=14999.99,"0"))))))) | P17: =IF(I17<=14999.99,"0",IF(I17>=15000,"12")) | Q17: =IF(J17=1,"50",IF(J17=2,"62.50",IF(J17=3,"75",IF(J17=4,"87.5",IF(J17=5,"100",IF(J17=6,"112.50",IF(J17=7,"125",IF(J17=8,"137.50",0)))))))) | R17: =IF(J17=9,"150",IF(J17=10,"162.50",IF(J17=11,"175",IF(J17=12,"187.50",0)))) | S17: =IF(I17=0,"0",IF(I17<=4999.99,"1",IF(I17<=5999.99,"2",IF(I17<=6999.99,"3",IF(I17<=7999.99,"4",IF(I17<=8999.99,"5",IF(I17<=9999.99,"6",IF(I17>=9999.99,"0",0)))))))) | T17: =IF(I17<=9999.99,"0",IF(I17<=10999.99,"7",IF(I17<=11999.99,"8",IF(I17<=12999.99,"9",IF(I17<=13999.99,"10",IF(I17<=14999.99,"11",IF(I17>=14999.99,"0"))))))) | U17: =IF(I17<=14999.99,"0",IF(I17<=15999.99,"12",IF(I17<=16999.99,"13",IF(I17<=17999.99,"14",IF(I17<=18999.99,"15",IF(I17<=19999.99,"16",IF(I17>=20000,"17"))))))) | V17: =IF(J17=1,"50",IF(J17=2,"62.50",IF(J17=3,"75",IF(J17=4,"87.5",IF(J17=5,"100",IF(J17=6,"112.50",IF(J17=7,"125",IF(J17=8,"137.50",0)))))))) | W17: =IF(J17=9,"150",IF(J17=10,"162.50",IF(J17=11,"175",IF(J17=12,"187.50",IF(J17=13,"200",IF(J17=14,"212.5",IF(J17=15,"225",IF(J17=16,"237.5",0)))))))) | X17: =IF(J17=17,"250",0) | Y17: =IF(I17=0,"0",IF(I17<=4999.99,"1",IF(I17<=5999.99,"2",IF(I17<=6999.99,"3",IF(I17<=7999.99,"4",IF(I17<=8999.99,"5",IF(I17<=9999.99,"6",IF(I17>=9999.99,"0",0)))))))) | Z17: =IF(I17<=9999.99,"0",IF(I17<=10999.99,"7",IF(I17<=11999.99,"8",IF(I17<=12999.99,"9",IF(I17<=13999.99,"10",IF(I17<=14999.99,"11",IF(I17>=14999.99,"0"))))))) | AA17: =IF(I17<=14999.99,"0",IF(I17<=15999.99,"12",IF(I17<=16999.99,"13",IF(I17<=17999.99,"14",IF(I17<=18999.99,"15",IF(I17<=19999.99,"16",IF(I17<=20999.99,"17",IF(I17>=20999.99,"0")))))))) | AB17: =IF(I17<=20999.99,"0",IF(I17<=21999.99,"18",IF(I17<=22999.99,"19",IF(I17<=23999.99,"20",IF(I17<=24999.99,"21",IF(I17>=25000,"22")))))) | AC17: =IF(J17=1,"50",IF(J17=2,"62.50",IF(J17=3,"75",IF(J17=4,"87.5",IF(J17=5,"100",IF(J17=6,"112.50",IF(J17=7,"125",IF(J17=8,"137.50",0)))))))) | AD17: =IF(J17=9,"150",IF(J17=10,"162.50",IF(J17=11,"175",IF(J17=12,"187.50",IF(J17=13,"200",IF(J17=14,"212.5",IF(J17=15,"225",IF(J17=16,"237.5",0)))))))) | AE17: =IF(J17=17,"250",IF(J17=18,"262.50",IF(J17=19,"275",IF(J17=20,"287.50",IF(J17=21,"300",IF(J17=22,"312.50",0)))))) | AF17: =IF(I17=0,"0",IF(I17<=4999.99,"1",IF(I17<=5999.99,"2",IF(I17<=6999.99,"3",IF(I17<=7999.99,"4",IF(I17<=8999.99,"5",IF(I17<=9999.99,"6",IF(I17>=9999.99,"0",0)))))))) | AG17: =IF(I17<=9999.99,"0",IF(I17<=10999.99,"7",IF(I17<=11999.99,"8",IF(I17<=12999.99,"9",IF(I17<=13999.99,"10",IF(I17<=14999.99,"11",IF(I17>=14999.99,"0"))))))) | AH17: =IF(I17<=14999.99,"0",IF(I17<=15999.99,"12",IF(I17<=16999.99,"13",IF(I17<=17999.99,"14",IF(I17<=18999.99,"15",IF(I17<=19999.99,"16",IF(I17<=20999.99,"17",IF(I17>=20999.99,"0")))))))) | AI17: =IF(I17<=20999.99,"0",IF(I17<=21999.99,"18",IF(I17<=22999.99,"19",IF(I17<=23999.99,"20",IF(I17<=24999.99,"21",IF(I17<=25999.99,"22",IF(I17<=26999.99,"23",IF(I17>=26999.99,"0")))))))) | AJ17: =IF(I17<=26999.99,"0",IF(I17<=27999.99,"24",IF(I17<=28999.99,"25",IF(I17<=29999.99,"26",IF(I17>=30000,"27"))))) | AK17: =IF(J17=1,"50",IF(J17=2,"62.50",IF(J17=3,"75",IF(J17=4,"87.5",IF(J17=5,"100",IF(J17=6,"112.50",IF(J17=7,"125",IF(J17=8,"137.50",0)))))))) | AL17: =IF(J17=9,"150",IF(J17=10,"162.50",IF(J17=11,"175",IF(J17=12,"187.50",IF(J17=13,"200",IF(J17=14,"212.5",IF(J17=15,"225",IF(J17=16,"237.5",0)))))))) | AM17: =IF(J17=17,"250",IF(J17=18,"262.50",IF(J17=19,"275",IF(J17=20,"287.50",IF(J17=21,"300",IF(J17=22,"312.50",IF(J17=23,"325",IF(J17=24,"337.50",0)))))))) | AN17: =IF(J17=25,"350",IF(J17=26,"362.50",IF(J17=27,"375",0))) | AO17: =IF(I17=0,"0",IF(I17<=7999.99,"1",IF(I17<=8999.99,"2",IF(I17<=9999.99,"3",IF(I17<=10999.99,"4",IF(I17<=11999.99,"5",IF(I17<=12999.99,"6",IF(I17>=12999.99,"0",0)))))))) | AP17: =IF(I17<=12999.99,"0",IF(I17<=13999.99,"7",IF(I17<=14999.99,"8",IF(I17<=15999.99,"9",IF(I17<=16999.99,"10",IF(I17<=17999.99,"11",IF(I17>=17999.99,"0"))))))) | AQ17: =IF(I17<=17999.99,"0",IF(I17<=18999.99,"12",IF(I17<=19999.99,"13",IF(I17<=20999.99,"14",IF(I17<=21999.99,"15",IF(I17<=22999.99,"16",IF(I17<=23999.99,"17",IF(I17>=23999.99,"0")))))))) | AR17: =IF(I17<=23999.99,"0",IF(I17<=24999.99,"18",IF(I17<=25999.99,"19",IF(I17<=26999.99,"20",IF(I17<=27999.99,"21",IF(I17<=28999.99,"22",IF(I17<=29999.99,"23",IF(I17>=29999.99,"0")))))))) | AS17: =IF(I17<=29999.99,"0",IF(I17<=30999.99,"24",IF(I17<=31999.99,"25",IF(I17<=32999.99,"26",IF(I17<=33999.99,"27",IF(I17<=34999.99,"28",IF(I17>=35000,"29"))))))) | AT17: =IF(J17=1,"87.50",IF(J17=2,"100",IF(J17=3,"112.50",IF(J17=4,"125",IF(J17=5,"137.50",IF(J17=6,"150",IF(J17=7,"162.50",IF(J17=8,"175",0)))))))) | AU17: =IF(J17=9,"187.50",IF(J17=10,"200",IF(J17=11,"212.50",IF(J17=12,"225",IF(J17=13,"237.50",IF(J17=14,"250",IF(J17=15,"262.50",IF(J17=16,"275",0)))))))) | AV17: =IF(J17=17,"287.50",IF(J17=18,"300",IF(J17=19,"312.50",IF(J17=20,"325",IF(J17=21,"337.50",IF(J17=22,"350",IF(J17=23,"362.50",IF(J17=24,"375",0)))))))) | AW17: =IF(J17=25,"387.50",IF(J17=26,"400",IF(J17=27,"412.50",IF(J17=28,"425",IF(J17=29,"437.50",0))))) | AX17: =IF(I17=0,"0",IF(I17<=8999.99,"1",IF(I17<=9999.99,"2",IF(I17<=10999.99,"3",IF(I17<=11999.99,"4",IF(I17<=12999.99,"5",IF(I17<=13999.99,"6",IF(I17>=13999.99,"0",0)))))))) | AY17: =IF(I17<=13999.99,"0",IF(I17<=14999.99,"7",IF(I17<=15999.99,"8",IF(I17<=16999.99,"9",IF(I17<=17999.99,"10",IF(I17<=18999.99,"11",IF(I17>=18999.99,"0"))))))) | AZ17: =IF(I17<=18999.99,"0",IF(I17<=19999.99,"12",IF(I17<=20999.99,"13",IF(I17<=21999.99,"14",IF(I17<=22999.99,"15",IF(I17<=23999.99,"16",IF(I17<=24999.99,"17",IF(I17>=24999.99,"0")))))))) | BA17: =IF(I17<=24999.99,"0",IF(I17<=25999.99,"18",IF(I17<=26999.99,"19",IF(I17<=27999.99,"20",IF(I17<=28999.99,"21",IF(I17<=29999.99,"22",IF(I17<=30999.99,"23",IF(I17>=30999.99,"0")))))))) | BB17: =IF(I17<=30999.99,"0",IF(I17<=31999.99,"24",IF(I17<=32999.99,"25",IF(I17<=33999.99,"26",IF(I17<=34999.99,"27",IF(I17>=35000,"28")))))) | BC17: =IF(J17=1,"100",IF(J17=2,"112.50",IF(J17=3,"125",IF(J17=4,"137.50",IF(J17=5,"150",IF(J17=6,"162.50",IF(J17=7,"175",IF(J17=8,"187.50",0)))))))) | BD17: =IF(J17=9,"200",IF(J17=10,"212.50",IF(J17=11,"225",IF(J17=12,"237.50",IF(J17=13,"250",IF(J17=14,"262.50",IF(J17=15,"275",IF(J17=16,"287.50",0)))))))) | BE17: =IF(J17=17,"300",IF(J17=18,"312.50",IF(J17=19,"325",IF(J17=20,"337.50",IF(J17=21,"350",IF(J17=22,"362.50",IF(J17=23,"375",IF(J17=24,"387.50",0)))))))) | BF17: =IF(J17=25,"400",IF(J17=26,"412.50",IF(J17=27,"425",IF(J17=28,"437.50",0)))) | BG17: =IF(L17=2008,AK17+AL17+AM17+AN17,IF(L17=2009,AK17+AL17+AM17+AN17,IF(L17=2010,AK17+AL17+AM17+AN17,IF(L17=2011,AK17+AL17+AM17+AN17,IF(L17=2012,AK17+AL17+AM17+AN17,IF(L17=2013,AT17+AU17+AV17+AW17,IF(L17=2014,BC17+BD17+BE17+BF17,IF(L17=2015,BC17+BD17+BE17+BF17)))))))) | BH17: =IF(L17=2008,AK17+AL17+AM17+AN17,IF(L17=2009,AK17+AL17+AM17+AN17,IF(L17=2010,AK17+AL17+AM17+AN17,IF(L17=2011,AK17+AL17+AM17+AN17,IF(L17=2012,AK17+AL17+AM17+AN17,IF(L17=2013,AT17+AU17+AV17+AW17,IF(L17=2014,BC17+BD17+BE17+BF17,IF(L17=2015,BC17+BD17+BE17+BF17)))))))) | BI17: =IF(BH17=0,0,IF(BH17<=M17,BH17,IF(BH17>=M17,M17))) | BJ17: =CODE(B17:B20) | BK17: =ISBLANK(E17) | BL17: =CODE(E17) | BM17: =CHAR(BL17) | BN17: =ISBLANK(F17) | BO17: =ISBLANK(BS17) | BP17: =ISBLANK(BT17) | BQ17: =ISBLANK(G17) | BR17: =TEXT(BT17,"MMDDYYYY")
A18: =A17+1 | J18: =IF(L18=2008,AF18+AG18+AH18+AI18+AJ18,IF(L18=2009,AF18+AG18+AH18+AI18+AJ18,IF(L18=2010,AF18+AG18+AH18+AI18+AJ18,IF(L18=2011,AF18+AG18+AH18+AI18+AJ18,IF(L18=2012,AF18+AG18+AH18+AI18+AJ18,IF(L18=2013,AO18+AP18+AQ18+AR18+AS18,IF(L18=2014,AX18+AY18+AZ18+BA18+BB18,IF(L18=2015,AX18+AY18+AZ18+BA18+BB18)))))))) | K18: =K17 | L18: =L17 | M18: =M17 | N18: =IF(I18=0,"0",IF(I18<=4999.99,"1",IF(I18<=5999.99,"2",IF(I18<=6999.99,"3",IF(I18<=7999.99,"4",IF(I18<=8999.99,"5",IF(I18<=9999.99,"6",IF(I18>=9999.99,"0",0)))))))) | O18: =IF(I18<=9999.99,"0",IF(I18<=10999.99,"7",IF(I18<=11999.99,"8",IF(I18<=12999.99,"9",IF(I18<=13999.99,"10",IF(I18<=14999.99,"11",IF(I18>=14999.99,"0"))))))) | P18: =IF(I18<=14999.99,"0",IF(I18>=15000,"12")) | Q18: =IF(J18=1,"50",IF(J18=2,"62.50",IF(J18=3,"75",IF(J18=4,"87.5",IF(J18=5,"100",IF(J18=6,"112.50",IF(J18=7,"125",IF(J18=8,"137.50",0)))))))) | R18: =IF(J18=9,"150",IF(J18=10,"162.50",IF(J18=11,"175",IF(J18=12,"187.50",0)))) | S18: =IF(I18=0,"0",IF(I18<=4999.99,"1",IF(I18<=5999.99,"2",IF(I18<=6999.99,"3",IF(I18<=7999.99,"4",IF(I18<=8999.99,"5",IF(I18<=9999.99,"6",IF(I18>=9999.99,"0",0)))))))) | T18: =IF(I18<=9999.99,"0",IF(I18<=10999.99,"7",IF(I18<=11999.99,"8",IF(I18<=12999.99,"9",IF(I18<=13999.99,"10",IF(I18<=14999.99,"11",IF(I18>=14999.99,"0"))))))) | U18: =IF(I18<=14999.99,"0",IF(I18<=15999.99,"12",IF(I18<=16999.99,"13",IF(I18<=17999.99,"14",IF(I18<=18999.99,"15",IF(I18<=19999.99,"16",IF(I18>=20000,"17"))))))) | V18: =IF(J18=1,"50",IF(J18=2,"62.50",IF(J18=3,"75",IF(J18=4,"87.5",IF(J18=5,"100",IF(J18=6,"112.50",IF(J18=7,"125",IF(J18=8,"137.50",0)))))))) | W18: =IF(J18=9,"150",IF(J18=10,"162.50",IF(J18=11,"175",IF(J18=12,"187.50",IF(J18=13,"200",IF(J18=14,"212.5",IF(J18=15,"225",IF(J18=16,"237.5",0)))))))) | X18: =IF(J18=17,"250",0) | Y18: =IF(I18=0,"0",IF(I18<=4999.99,"1",IF(I18<=5999.99,"2",IF(I18<=6999.99,"3",IF(I18<=7999.99,"4",IF(I18<=8999.99,"5",IF(I18<=9999.99,"6",IF(I18>=9999.99,"0",0)))))))) | Z18: =IF(I18<=9999.99,"0",IF(I18<=10999.99,"7",IF(I18<=11999.99,"8",IF(I18<=12999.99,"9",IF(I18<=13999.99,"10",IF(I18<=14999.99,"11",IF(I18>=14999.99,"0"))))))) | AA18: =IF(I18<=14999.99,"0",IF(I18<=15999.99,"12",IF(I18<=16999.99,"13",IF(I18<=17999.99,"14",IF(I18<=18999.99,"15",IF(I18<=19999.99,"16",IF(I18<=20999.99,"17",IF(I18>=20999.99,"0")))))))) | AB18: =IF(I18<=20999.99,"0",IF(I18<=21999.99,"18",IF(I18<=22999.99,"19",IF(I18<=23999.99,"20",IF(I18<=24999.99,"21",IF(I18>=25000,"22")))))) | AC18: =IF(J18=1,"50",IF(J18=2,"62.50",IF(J18=3,"75",IF(J18=4,"87.5",IF(J18=5,"100",IF(J18=6,"112.50",IF(J18=7,"125",IF(J18=8,"137.50",0)))))))) | AD18: =IF(J18=9,"150",IF(J18=10,"162.50",IF(J18=11,"175",IF(J18=12,"187.50",IF(J18=13,"200",IF(J18=14,"212.5",IF(J18=15,"225",IF(J18=16,"237.5",0)))))))) | AE18: =IF(J18=17,"250",IF(J18=18,"262.50",IF(J18=19,"275",IF(J18=20,"287.50",IF(J18=21,"300",IF(J18=22,"312.50",0)))))) | AF18: =IF(I18=0,"0",IF(I18<=4999.99,"1",IF(I18<=5999.99,"2",IF(I18<=6999.99,"3",IF(I18<=7999.99,"4",IF(I18<=8999.99,"5",IF(I18<=9999.99,"6",IF(I18>=9999.99,"0",0)))))))) | AG18: =IF(I18<=9999.99,"0",IF(I18<=10999.99,"7",IF(I18<=11999.99,"8",IF(I18<=12999.99,"9",IF(I18<=13999.99,"10",IF(I18<=14999.99,"11",IF(I18>=14999.99,"0"))))))) | AH18: =IF(I18<=14999.99,"0",IF(I18<=15999.99,"12",IF(I18<=16999.99,"13",IF(I18<=17999.99,"14",IF(I18<=18999.99,"15",IF(I18<=19999.99,"16",IF(I18<=20999.99,"17",IF(I18>=20999.99,"0")))))))) | AI18: =IF(I18<=20999.99,"0",IF(I18<=21999.99,"18",IF(I18<=22999.99,"19",IF(I18<=23999.99,"20",IF(I18<=24999.99,"21",IF(I18<=25999.99,"22",IF(I18<=26999.99,"23",IF(I18>=26999.99,"0")))))))) | AJ18: =IF(I18<=26999.99,"0",IF(I18<=27999.99,"24",IF(I18<=28999.99,"25",IF(I18<=29999.99,"26",IF(I18>=30000,"27"))))) | AK18: =IF(J18=1,"50",IF(J18=2,"62.50",IF(J18=3,"75",IF(J18=4,"87.5",IF(J18=5,"100",IF(J18=6,"112.50",IF(J18=7,"125",IF(J18=8,"137.50",0)))))))) | AL18: =IF(J18=9,"150",IF(J18=10,"162.50",IF(J18=11,"175",IF(J18=12,"187.50",IF(J18=13,"200",IF(J18=14,"212.5",IF(J18=15,"225",IF(J18=16,"237.5",0)))))))) | AM18: =IF(J18=17,"250",IF(J18=18,"262.50",IF(J18=19,"275",IF(J18=20,"287.50",IF(J18=21,"300",IF(J18=22,"312.50",IF(J18=23,"325",IF(J18=24,"337.50",0)))))))) | AN18: =IF(J18=25,"350",IF(J18=26,"362.50",IF(J18=27,"375",0))) | AO18: =IF(I18=0,"0",IF(I18<=7999.99,"1",IF(I18<=8999.99,"2",IF(I18<=9999.99,"3",IF(I18<=10999.99,"4",IF(I18<=11999.99,"5",IF(I18<=12999.99,"6",IF(I18>=12999.99,"0",0)))))))) | AP18: =IF(I18<=12999.99,"0",IF(I18<=13999.99,"7",IF(I18<=14999.99,"8",IF(I18<=15999.99,"9",IF(I18<=16999.99,"10",IF(I18<=17999.99,"11",IF(I18>=17999.99,"0"))))))) | AQ18: =IF(I18<=17999.99,"0",IF(I18<=18999.99,"12",IF(I18<=19999.99,"13",IF(I18<=20999.99,"14",IF(I18<=21999.99,"15",IF(I18<=22999.99,"16",IF(I18<=23999.99,"17",IF(I18>=23999.99,"0")))))))) | AR18: =IF(I18<=23999.99,"0",IF(I18<=24999.99,"18",IF(I18<=25999.99,"19",IF(I18<=26999.99,"20",IF(I18<=27999.99,"21",IF(I18<=28999.99,"22",IF(I18<=29999.99,"23",IF(I18>=29999.99,"0")))))))) | AS18: =IF(I18<=29999.99,"0",IF(I18<=30999.99,"24",IF(I18<=31999.99,"25",IF(I18<=32999.99,"26",IF(I18<=33999.99,"27",IF(I18<=34999.99,"28",IF(I18>=35000,"29"))))))) | AT18: =IF(J18=1,"87.50",IF(J18=2,"100",IF(J18=3,"112.50",IF(J18=4,"125",IF(J18=5,"137.50",IF(J18=6,"150",IF(J18=7,"162.50",IF(J18=8,"175",0)))))))) | AU18: =IF(J18=9,"187.50",IF(J18=10,"200",IF(J18=11,"212.50",IF(J18=12,"225",IF(J18=13,"237.50",IF(J18=14,"250",IF(J18=15,"262.50",IF(J18=16,"275",0)))))))) | AV18: =IF(J18=17,"287.50",IF(J18=18,"300",IF(J18=19,"312.50",IF(J18=20,"325",IF(J18=21,"337.50",IF(J18=22,"350",IF(J18=23,"362.50",IF(J18=24,"375",0)))))))) | AW18: =IF(J18=25,"387.50",IF(J18=26,"400",IF(J18=27,"412.50",IF(J18=28,"425",IF(J18=29,"437.50",0))))) | AX18: =IF(I18=0,"0",IF(I18<=8999.99,"1",IF(I18<=9999.99,"2",IF(I18<=10999.99,"3",IF(I18<=11999.99,"4",IF(I18<=12999.99,"5",IF(I18<=13999.99,"6",IF(I18>=13999.99,"0",0)))))))) | AY18: =IF(I18<=13999.99,"0",IF(I18<=14999.99,"7",IF(I18<=15999.99,"8",IF(I18<=16999.99,"9",IF(I18<=17999.99,"10",IF(I18<=18999.99,"11",IF(I18>=18999.99,"0"))))))) | AZ18: =IF(I18<=18999.99,"0",IF(I18<=19999.99,"12",IF(I18<=20999.99,"13",IF(I18<=21999.99,"14",IF(I18<=22999.99,"15",IF(I18<=23999.99,"16",IF(I18<=24999.99,"17",IF(I18>=24999.99,"0")))))))) | BA18: =IF(I18<=24999.99,"0",IF(I18<=25999.99,"18",IF(I18<=26999.99,"19",IF(I18<=27999.99,"20",IF(I18<=28999.99,"21",IF(I18<=29999.99,"22",IF(I18<=30999.99,"23",IF(I18>=30999.99,"0")))))))) | BB18: =IF(I18<=30999.99,"0",IF(I18<=31999.99,"24",IF(I18<=32999.99,"25",IF(I18<=33999.99,"26",IF(I18<=34999.99,"27",IF(I18>=35000,"28")))))) | BC18: =IF(J18=1,"100",IF(J18=2,"112.50",IF(J18=3,"125",IF(J18=4,"137.50",IF(J18=5,"150",IF(J18=6,"162.50",IF(J18=7,"175",IF(J18=8,"187.50",0)))))))) | BD18: =IF(J18=9,"200",IF(J18=10,"212.50",IF(J18=11,"225",IF(J18=12,"237.50",IF(J18=13,"250",IF(J18=14,"262.50",IF(J18=15,"275",IF(J18=16,"287.50",0)))))))) | BE18: =IF(J18=17,"300",IF(J18=18,"312.50",IF(J18=19,"325",IF(J18=20,"337.50",IF(J18=21,"350",IF(J18=22,"362.50",IF(J18=23,"375",IF(J18=24,"387.50",0)))))))) | BF18: =IF(J18=25,"400",IF(J18=26,"412.50",IF(J18=27,"425",IF(J18=28,"437.50",0)))) | BG18: =IF(L18=2008,AK18+AL18+AM18+AN18,IF(L18=2009,AK18+AL18+AM18+AN18,IF(L18=2010,AK18+AL18+AM18+AN18,IF(L18=2011,AK18+AL18+AM18+AN18,IF(L18=2012,AK18+AL18+AM18+AN18,IF(L18=2013,AT18+AU18+AV18+AW18,IF(L18=2014,BC18+BD18+BE18+BF18,IF(L18=2015,BC18+BD18+BE18+BF18)))))))) | BH18: =IF(L18=2008,AK18+AL18+AM18+AN18,IF(L18=2009,AK18+AL18+AM18+AN18,IF(L18=2010,AK18+AL18+AM18+AN18,IF(L18=2011,AK18+AL18+AM18+AN18,IF(L18=2012,AK18+AL18+AM18+AN18,IF(L18=2013,AT18+AU18+AV18+AW18,IF(L18=2014,BC18+BD18+BE18+BF18,IF(L18=2015,BC18+BD18+BE18+BF18)))))))) | BI18: =IF(BH18=0,0,IF(BH18<=M18,BH18,IF(BH18>=M18,M18))) | BJ18: =CODE(B18:B20) | BK18: =ISBLANK(E18) | BL18: =CODE(E18) | BM18: =CHAR(BL18) | BN18: =ISBLANK(F18) | BO18: =ISBLANK(BS18) | BP18: =ISBLANK(BT18) | BQ18: =ISBLANK(G18) | BR18: =TEXT(BT18,"MMDDYYYY")
A19: =A18+1 | J19: =IF(L19=2008,AF19+AG19+AH19+AI19+AJ19,IF(L19=2009,AF19+AG19+AH19+AI19+AJ19,IF(L19=2010,AF19+AG19+AH19+AI19+AJ19,IF(L19=2011,AF19+AG19+AH19+AI19+AJ19,IF(L19=2012,AF19+AG19+AH19+AI19+AJ19,IF(L19=2013,AO19+AP19+AQ19+AR19+AS19,IF(L19=2014,AX19+AY19+AZ19+BA19+BB19,IF(L19=2015,AX19+AY19+AZ19+BA19+BB19)))))))) | K19: =K18 | L19: =L18 | M19: =M18 | N19: =IF(I19=0,"0",IF(I19<=4999.99,"1",IF(I19<=5999.99,"2",IF(I19<=6999.99,"3",IF(I19<=7999.99,"4",IF(I19<=8999.99,"5",IF(I19<=9999.99,"6",IF(I19>=9999.99,"0",0)))))))) | O19: =IF(I19<=9999.99,"0",IF(I19<=10999.99,"7",IF(I19<=11999.99,"8",IF(I19<=12999.99,"9",IF(I19<=13999.99,"10",IF(I19<=14999.99,"11",IF(I19>=14999.99,"0"))))))) | P19: =IF(I19<=14999.99,"0",IF(I19>=15000,"12")) | Q19: =IF(J19=1,"50",IF(J19=2,"62.50",IF(J19=3,"75",IF(J19=4,"87.5",IF(J19=5,"100",IF(J19=6,"112.50",IF(J19=7,"125",IF(J19=8,"137.50",0)))))))) | R19: =IF(J19=9,"150",IF(J19=10,"162.50",IF(J19=11,"175",IF(J19=12,"187.50",0)))) | S19: =IF(I19=0,"0",IF(I19<=4999.99,"1",IF(I19<=5999.99,"2",IF(I19<=6999.99,"3",IF(I19<=7999.99,"4",IF(I19<=8999.99,"5",IF(I19<=9999.99,"6",IF(I19>=9999.99,"0",0)))))))) | T19: =IF(I19<=9999.99,"0",IF(I19<=10999.99,"7",IF(I19<=11999.99,"8",IF(I19<=12999.99,"9",IF(I19<=13999.99,"10",IF(I19<=14999.99,"11",IF(I19>=14999.99,"0"))))))) | U19: =IF(I19<=14999.99,"0",IF(I19<=15999.99,"12",IF(I19<=16999.99,"13",IF(I19<=17999.99,"14",IF(I19<=18999.99,"15",IF(I19<=19999.99,"16",IF(I19>=20000,"17"))))))) | V19: =IF(J19=1,"50",IF(J19=2,"62.50",IF(J19=3,"75",IF(J19=4,"87.5",IF(J19=5,"100",IF(J19=6,"112.50",IF(J19=7,"125",IF(J19=8,"137.50",0)))))))) | W19: =IF(J19=9,"150",IF(J19=10,"162.50",IF(J19=11,"175",IF(J19=12,"187.50",IF(J19=13,"200",IF(J19=14,"212.5",IF(J19=15,"225",IF(J19=16,"237.5",0)))))))) | X19: =IF(J19=17,"250",0) | Y19: =IF(I19=0,"0",IF(I19<=4999.99,"1",IF(I19<=5999.99,"2",IF(I19<=6999.99,"3",IF(I19<=7999.99,"4",IF(I19<=8999.99,"5",IF(I19<=9999.99,"6",IF(I19>=9999.99,"0",0)))))))) | Z19: =IF(I19<=9999.99,"0",IF(I19<=10999.99,"7",IF(I19<=11999.99,"8",IF(I19<=12999.99,"9",IF(I19<=13999.99,"10",IF(I19<=14999.99,"11",IF(I19>=14999.99,"0"))))))) | AA19: =IF(I19<=14999.99,"0",IF(I19<=15999.99,"12",IF(I19<=16999.99,"13",IF(I19<=17999.99,"14",IF(I19<=18999.99,"15",IF(I19<=19999.99,"16",IF(I19<=20999.99,"17",IF(I19>=20999.99,"0")))))))) | AB19: =IF(I19<=20999.99,"0",IF(I19<=21999.99,"18",IF(I19<=22999.99,"19",IF(I19<=23999.99,"20",IF(I19<=24999.99,"21",IF(I19>=25000,"22")))))) | AC19: =IF(J19=1,"50",IF(J19=2,"62.50",IF(J19=3,"75",IF(J19=4,"87.5",IF(J19=5,"100",IF(J19=6,"112.50",IF(J19=7,"125",IF(J19=8,"137.50",0)))))))) | AD19: =IF(J19=9,"150",IF(J19=10,"162.50",IF(J19=11,"175",IF(J19=12,"187.50",IF(J19=13,"200",IF(J19=14,"212.5",IF(J19=15,"225",IF(J19=16,"237.5",0)))))))) | AE19: =IF(J19=17,"250",IF(J19=18,"262.50",IF(J19=19,"275",IF(J19=20,"287.50",IF(J19=21,"300",IF(J19=22,"312.50",0)))))) | AF19: =IF(I19=0,"0",IF(I19<=4999.99,"1",IF(I19<=5999.99,"2",IF(I19<=6999.99,"3",IF(I19<=7999.99,"4",IF(I19<=8999.99,"5",IF(I19<=9999.99,"6",IF(I19>=9999.99,"0",0)))))))) | AG19: =IF(I19<=9999.99,"0",IF(I19<=10999.99,"7",IF(I19<=11999.99,"8",IF(I19<=12999.99,"9",IF(I19<=13999.99,"10",IF(I19<=14999.99,"11",IF(I19>=14999.99,"0"))))))) | AH19: =IF(I19<=14999.99,"0",IF(I19<=15999.99,"12",IF(I19<=16999.99,"13",IF(I19<=17999.99,"14",IF(I19<=18999.99,"15",IF(I19<=19999.99,"16",IF(I19<=20999.99,"17",IF(I19>=20999.99,"0")))))))) | AI19: =IF(I19<=20999.99,"0",IF(I19<=21999.99,"18",IF(I19<=22999.99,"19",IF(I19<=23999.99,"20",IF(I19<=24999.99,"21",IF(I19<=25999.99,"22",IF(I19<=26999.99,"23",IF(I19>=26999.99,"0")))))))) | AJ19: =IF(I19<=26999.99,"0",IF(I19<=27999.99,"24",IF(I19<=28999.99,"25",IF(I19<=29999.99,"26",IF(I19>=30000,"27"))))) | AK19: =IF(J19=1,"50",IF(J19=2,"62.50",IF(J19=3,"75",IF(J19=4,"87.5",IF(J19=5,"100",IF(J19=6,"112.50",IF(J19=7,"125",IF(J19=8,"137.50",0)))))))) | AL19: =IF(J19=9,"150",IF(J19=10,"162.50",IF(J19=11,"175",IF(J19=12,"187.50",IF(J19=13,"200",IF(J19=14,"212.5",IF(J19=15,"225",IF(J19=16,"237.5",0)))))))) | AM19: =IF(J19=17,"250",IF(J19=18,"262.50",IF(J19=19,"275",IF(J19=20,"287.50",IF(J19=21,"300",IF(J19=22,"312.50",IF(J19=23,"325",IF(J19=24,"337.50",0)))))))) | AN19: =IF(J19=25,"350",IF(J19=26,"362.50",IF(J19=27,"375",0))) | AO19: =IF(I19=0,"0",IF(I19<=7999.99,"1",IF(I19<=8999.99,"2",IF(I19<=9999.99,"3",IF(I19<=10999.99,"4",IF(I19<=11999.99,"5",IF(I19<=12999.99,"6",IF(I19>=12999.99,"0",0)))))))) | AP19: =IF(I19<=12999.99,"0",IF(I19<=13999.99,"7",IF(I19<=14999.99,"8",IF(I19<=15999.99,"9",IF(I19<=16999.99,"10",IF(I19<=17999.99,"11",IF(I19>=17999.99,"0"))))))) | AQ19: =IF(I19<=17999.99,"0",IF(I19<=18999.99,"12",IF(I19<=19999.99,"13",IF(I19<=20999.99,"14",IF(I19<=21999.99,"15",IF(I19<=22999.99,"16",IF(I19<=23999.99,"17",IF(I19>=23999.99,"0")))))))) | AR19: =IF(I19<=23999.99,"0",IF(I19<=24999.99,"18",IF(I19<=25999.99,"19",IF(I19<=26999.99,"20",IF(I19<=27999.99,"21",IF(I19<=28999.99,"22",IF(I19<=29999.99,"23",IF(I19>=29999.99,"0")))))))) | AS19: =IF(I19<=29999.99,"0",IF(I19<=30999.99,"24",IF(I19<=31999.99,"25",IF(I19<=32999.99,"26",IF(I19<=33999.99,"27",IF(I19<=34999.99,"28",IF(I19>=35000,"29"))))))) | AT19: =IF(J19=1,"87.50",IF(J19=2,"100",IF(J19=3,"112.50",IF(J19=4,"125",IF(J19=5,"137.50",IF(J19=6,"150",IF(J19=7,"162.50",IF(J19=8,"175",0)))))))) | AU19: =IF(J19=9,"187.50",IF(J19=10,"200",IF(J19=11,"212.50",IF(J19=12,"225",IF(J19=13,"237.50",IF(J19=14,"250",IF(J19=15,"262.50",IF(J19=16,"275",0)))))))) | AV19: =IF(J19=17,"287.50",IF(J19=18,"300",IF(J19=19,"312.50",IF(J19=20,"325",IF(J19=21,"337.50",IF(J19=22,"350",IF(J19=23,"362.50",IF(J19=24,"375",0)))))))) | AW19: =IF(J19=25,"387.50",IF(J19=26,"400",IF(J19=27,"412.50",IF(J19=28,"425",IF(J19=29,"437.50",0))))) | AX19: =IF(I19=0,"0",IF(I19<=8999.99,"1",IF(I19<=9999.99,"2",IF(I19<=10999.99,"3",IF(I19<=11999.99,"4",IF(I19<=12999.99,"5",IF(I19<=13999.99,"6",IF(I19>=13999.99,"0",0)))))))) | AY19: =IF(I19<=13999.99,"0",IF(I19<=14999.99,"7",IF(I19<=15999.99,"8",IF(I19<=16999.99,"9",IF(I19<=17999.99,"10",IF(I19<=18999.99,"11",IF(I19>=18999.99,"0"))))))) | AZ19: =IF(I19<=18999.99,"0",IF(I19<=19999.99,"12",IF(I19<=20999.99,"13",IF(I19<=21999.99,"14",IF(I19<=22999.99,"15",IF(I19<=23999.99,"16",IF(I19<=24999.99,"17",IF(I19>=24999.99,"0")))))))) | BA19: =IF(I19<=24999.99,"0",IF(I19<=25999.99,"18",IF(I19<=26999.99,"19",IF(I19<=27999.99,"20",IF(I19<=28999.99,"21",IF(I19<=29999.99,"22",IF(I19<=30999.99,"23",IF(I19>=30999.99,"0")))))))) | BB19: =IF(I19<=30999.99,"0",IF(I19<=31999.99,"24",IF(I19<=32999.99,"25",IF(I19<=33999.99,"26",IF(I19<=34999.99,"27",IF(I19>=35000,"28")))))) | BC19: =IF(J19=1,"100",IF(J19=2,"112.50",IF(J19=3,"125",IF(J19=4,"137.50",IF(J19=5,"150",IF(J19=6,"162.50",IF(J19=7,"175",IF(J19=8,"187.50",0)))))))) | BD19: =IF(J19=9,"200",IF(J19=10,"212.50",IF(J19=11,"225",IF(J19=12,"237.50",IF(J19=13,"250",IF(J19=14,"262.50",IF(J19=15,"275",IF(J19=16,"287.50",0)))))))) | BE19: =IF(J19=17,"300",IF(J19=18,"312.50",IF(J19=19,"325",IF(J19=20,"337.50",IF(J19=21,"350",IF(J19=22,"362.50",IF(J19=23,"375",IF(J19=24,"387.50",0)))))))) | BF19: =IF(J19=25,"400",IF(J19=26,"412.50",IF(J19=27,"425",IF(J19=28,"437.50",0)))) | BG19: =IF(L19=2008,AK19+AL19+AM19+AN19,IF(L19=2009,AK19+AL19+AM19+AN19,IF(L19=2010,AK19+AL19+AM19+AN19,IF(L19=2011,AK19+AL19+AM19+AN19,IF(L19=2012,AK19+AL19+AM19+AN19,IF(L19=2013,AT19+AU19+AV19+AW19,IF(L19=2014,BC19+BD19+BE19+BF19,IF(L19=2015,BC19+BD19+BE19+BF19)))))))) | BH19: =IF(L19=2008,AK19+AL19+AM19+AN19,IF(L19=2009,AK19+AL19+AM19+AN19,IF(L19=2010,AK19+AL19+AM19+AN19,IF(L19=2011,AK19+AL19+AM19+AN19,IF(L19=2012,AK19+AL19+AM19+AN19,IF(L19=2013,AT19+AU19+AV19+AW19,IF(L19=2014,BC19+BD19+BE19+BF19,IF(L19=2015,BC19+BD19+BE19+BF19)))))))) | BI19: =IF(BH19=0,0,IF(BH19<=M19,BH19,IF(BH19>=M19,M19))) | BJ19: =CODE(B19:B20) | BK19: =ISBLANK(E19) | BL19: =CODE(E19) | BM19: =CHAR(BL19) | BN19: =ISBLANK(F19) | BO19: =ISBLANK(BS19) | BP19: =ISBLANK(BT19) | BQ19: =ISBLANK(G19) | BR19: =TEXT(BT19,"MMDDYYYY")
A20: =A19+1 | J20: =IF(L20=2008,AF20+AG20+AH20+AI20+AJ20,IF(L20=2009,AF20+AG20+AH20+AI20+AJ20,IF(L20=2010,AF20+AG20+AH20+AI20+AJ20,IF(L20=2011,AF20+AG20+AH20+AI20+AJ20,IF(L20=2012,AF20+AG20+AH20+AI20+AJ20,IF(L20=2013,AO20+AP20+AQ20+AR20+AS20,IF(L20=2014,AX20+AY20+AZ20+BA20+BB20,IF(L20=2015,AX20+AY20+AZ20+BA20+BB20)))))))) | K20: =K19 | L20: =L19 | M20: =M19 | N20: =IF(I20=0,"0",IF(I20<=4999.99,"1",IF(I20<=5999.99,"2",IF(I20<=6999.99,"3",IF(I20<=7999.99,"4",IF(I20<=8999.99,"5",IF(I20<=9999.99,"6",IF(I20>=9999.99,"0",0)))))))) | O20: =IF(I20<=9999.99,"0",IF(I20<=10999.99,"7",IF(I20<=11999.99,"8",IF(I20<=12999.99,"9",IF(I20<=13999.99,"10",IF(I20<=14999.99,"11",IF(I20>=14999.99,"0"))))))) | P20: =IF(I20<=14999.99,"0",IF(I20>=15000,"12")) | Q20: =IF(J20=1,"50",IF(J20=2,"62.50",IF(J20=3,"75",IF(J20=4,"87.5",IF(J20=5,"100",IF(J20=6,"112.50",IF(J20=7,"125",IF(J20=8,"137.50",0)))))))) | R20: =IF(J20=9,"150",IF(J20=10,"162.50",IF(J20=11,"175",IF(J20=12,"187.50",0)))) | S20: =IF(I20=0,"0",IF(I20<=4999.99,"1",IF(I20<=5999.99,"2",IF(I20<=6999.99,"3",IF(I20<=7999.99,"4",IF(I20<=8999.99,"5",IF(I20<=9999.99,"6",IF(I20>=9999.99,"0",0)))))))) | T20: =IF(I20<=9999.99,"0",IF(I20<=10999.99,"7",IF(I20<=11999.99,"8",IF(I20<=12999.99,"9",IF(I20<=13999.99,"10",IF(I20<=14999.99,"11",IF(I20>=14999.99,"0"))))))) | U20: =IF(I20<=14999.99,"0",IF(I20<=15999.99,"12",IF(I20<=16999.99,"13",IF(I20<=17999.99,"14",IF(I20<=18999.99,"15",IF(I20<=19999.99,"16",IF(I20>=20000,"17"))))))) | V20: =IF(J20=1,"50",IF(J20=2,"62.50",IF(J20=3,"75",IF(J20=4,"87.5",IF(J20=5,"100",IF(J20=6,"112.50",IF(J20=7,"125",IF(J20=8,"137.50",0)))))))) | W20: =IF(J20=9,"150",IF(J20=10,"162.50",IF(J20=11,"175",IF(J20=12,"187.50",IF(J20=13,"200",IF(J20=14,"212.5",IF(J20=15,"225",IF(J20=16,"237.5",0)))))))) | X20: =IF(J20=17,"250",0) | Y20: =IF(I20=0,"0",IF(I20<=4999.99,"1",IF(I20<=5999.99,"2",IF(I20<=6999.99,"3",IF(I20<=7999.99,"4",IF(I20<=8999.99,"5",IF(I20<=9999.99,"6",IF(I20>=9999.99,"0",0)))))))) | Z20: =IF(I20<=9999.99,"0",IF(I20<=10999.99,"7",IF(I20<=11999.99,"8",IF(I20<=12999.99,"9",IF(I20<=13999.99,"10",IF(I20<=14999.99,"11",IF(I20>=14999.99,"0"))))))) | AA20: =IF(I20<=14999.99,"0",IF(I20<=15999.99,"12",IF(I20<=16999.99,"13",IF(I20<=17999.99,"14",IF(I20<=18999.99,"15",IF(I20<=19999.99,"16",IF(I20<=20999.99,"17",IF(I20>=20999.99,"0")))))))) | AB20: =IF(I20<=20999.99,"0",IF(I20<=21999.99,"18",IF(I20<=22999.99,"19",IF(I20<=23999.99,"20",IF(I20<=24999.99,"21",IF(I20>=25000,"22")))))) | AC20: =IF(J20=1,"50",IF(J20=2,"62.50",IF(J20=3,"75",IF(J20=4,"87.5",IF(J20=5,"100",IF(J20=6,"112.50",IF(J20=7,"125",IF(J20=8,"137.50",0)))))))) | AD20: =IF(J20=9,"150",IF(J20=10,"162.50",IF(J20=11,"175",IF(J20=12,"187.50",IF(J20=13,"200",IF(J20=14,"212.5",IF(J20=15,"225",IF(J20=16,"237.5",0)))))))) | AE20: =IF(J20=17,"250",IF(J20=18,"262.50",IF(J20=19,"275",IF(J20=20,"287.50",IF(J20=21,"300",IF(J20=22,"312.50",0)))))) | AF20: =IF(I20=0,"0",IF(I20<=4999.99,"1",IF(I20<=5999.99,"2",IF(I20<=6999.99,"3",IF(I20<=7999.99,"4",IF(I20<=8999.99,"5",IF(I20<=9999.99,"6",IF(I20>=9999.99,"0",0)))))))) | AG20: =IF(I20<=9999.99,"0",IF(I20<=10999.99,"7",IF(I20<=11999.99,"8",IF(I20<=12999.99,"9",IF(I20<=13999.99,"10",IF(I20<=14999.99,"11",IF(I20>=14999.99,"0"))))))) | AH20: =IF(I20<=14999.99,"0",IF(I20<=15999.99,"12",IF(I20<=16999.99,"13",IF(I20<=17999.99,"14",IF(I20<=18999.99,"15",IF(I20<=19999.99,"16",IF(I20<=20999.99,"17",IF(I20>=20999.99,"0")))))))) | AI20: =IF(I20<=20999.99,"0",IF(I20<=21999.99,"18",IF(I20<=22999.99,"19",IF(I20<=23999.99,"20",IF(I20<=24999.99,"21",IF(I20<=25999.99,"22",IF(I20<=26999.99,"23",IF(I20>=26999.99,"0")))))))) | AJ20: =IF(I20<=26999.99,"0",IF(I20<=27999.99,"24",IF(I20<=28999.99,"25",IF(I20<=29999.99,"26",IF(I20>=30000,"27"))))) | AK20: =IF(J20=1,"50",IF(J20=2,"62.50",IF(J20=3,"75",IF(J20=4,"87.5",IF(J20=5,"100",IF(J20=6,"112.50",IF(J20=7,"125",IF(J20=8,"137.50",0)))))))) | AL20: =IF(J20=9,"150",IF(J20=10,"162.50",IF(J20=11,"175",IF(J20=12,"187.50",IF(J20=13,"200",IF(J20=14,"212.5",IF(J20=15,"225",IF(J20=16,"237.5",0)))))))) | AM20: =IF(J20=17,"250",IF(J20=18,"262.50",IF(J20=19,"275",IF(J20=20,"287.50",IF(J20=21,"300",IF(J20=22,"312.50",IF(J20=23,"325",IF(J20=24,"337.50",0)))))))) | AN20: =IF(J20=25,"350",IF(J20=26,"362.50",IF(J20=27,"375",0))) | AO20: =IF(I20=0,"0",IF(I20<=7999.99,"1",IF(I20<=8999.99,"2",IF(I20<=9999.99,"3",IF(I20<=10999.99,"4",IF(I20<=11999.99,"5",IF(I20<=12999.99,"6",IF(I20>=12999.99,"0",0)))))))) | AP20: =IF(I20<=12999.99,"0",IF(I20<=13999.99,"7",IF(I20<=14999.99,"8",IF(I20<=15999.99,"9",IF(I20<=16999.99,"10",IF(I20<=17999.99,"11",IF(I20>=17999.99,"0"))))))) | AQ20: =IF(I20<=17999.99,"0",IF(I20<=18999.99,"12",IF(I20<=19999.99,"13",IF(I20<=20999.99,"14",IF(I20<=21999.99,"15",IF(I20<=22999.99,"16",IF(I20<=23999.99,"17",IF(I20>=23999.99,"0")))))))) | AR20: =IF(I20<=23999.99,"0",IF(I20<=24999.99,"18",IF(I20<=25999.99,"19",IF(I20<=26999.99,"20",IF(I20<=27999.99,"21",IF(I20<=28999.99,"22",IF(I20<=29999.99,"23",IF(I20>=29999.99,"0")))))))) | AS20: =IF(I20<=29999.99,"0",IF(I20<=30999.99,"24",IF(I20<=31999.99,"25",IF(I20<=32999.99,"26",IF(I20<=33999.99,"27",IF(I20<=34999.99,"28",IF(I20>=35000,"29"))))))) | AT20: =IF(J20=1,"87.50",IF(J20=2,"100",IF(J20=3,"112.50",IF(J20=4,"125",IF(J20=5,"137.50",IF(J20=6,"150",IF(J20=7,"162.50",IF(J20=8,"175",0)))))))) | AU20: =IF(J20=9,"187.50",IF(J20=10,"200",IF(J20=11,"212.50",IF(J20=12,"225",IF(J20=13,"237.50",IF(J20=14,"250",IF(J20=15,"262.50",IF(J20=16,"275",0)))))))) | AV20: =IF(J20=17,"287.50",IF(J20=18,"300",IF(J20=19,"312.50",IF(J20=20,"325",IF(J20=21,"337.50",IF(J20=22,"350",IF(J20=23,"362.50",IF(J20=24,"375",0)))))))) | AW20: =IF(J20=25,"387.50",IF(J20=26,"400",IF(J20=27,"412.50",IF(J20=28,"425",IF(J20=29,"437.50",0))))) | AX20: =IF(I20=0,"0",IF(I20<=8999.99,"1",IF(I20<=9999.99,"2",IF(I20<=10999.99,"3",IF(I20<=11999.99,"4",IF(I20<=12999.99,"5",IF(I20<=13999.99,"6",IF(I20>=13999.99,"0",0)))))))) | AY20: =IF(I20<=13999.99,"0",IF(I20<=14999.99,"7",IF(I20<=15999.99,"8",IF(I20<=16999.99,"9",IF(I20<=17999.99,"10",IF(I20<=18999.99,"11",IF(I20>=18999.99,"0"))))))) | AZ20: =IF(I20<=18999.99,"0",IF(I20<=19999.99,"12",IF(I20<=20999.99,"13",IF(I20<=21999.99,"14",IF(I20<=22999.99,"15",IF(I20<=23999.99,"16",IF(I20<=24999.99,"17",IF(I20>=24999.99,"0")))))))) | BA20: =IF(I20<=24999.99,"0",IF(I20<=25999.99,"18",IF(I20<=26999.99,"19",IF(I20<=27999.99,"20",IF(I20<=28999.99,"21",IF(I20<=29999.99,"22",IF(I20<=30999.99,"23",IF(I20>=30999.99,"0")))))))) | BB20: =IF(I20<=30999.99,"0",IF(I20<=31999.99,"24",IF(I20<=32999.99,"25",IF(I20<=33999.99,"26",IF(I20<=34999.99,"27",IF(I20>=35000,"28")))))) | BC20: =IF(J20=1,"100",IF(J20=2,"112.50",IF(J20=3,"125",IF(J20=4,"137.50",IF(J20=5,"150",IF(J20=6,"162.50",IF(J20=7,"175",IF(J20=8,"187.50",0)))))))) | BD20: =IF(J20=9,"200",IF(J20=10,"212.50",IF(J20=11,"225",IF(J20=12,"237.50",IF(J20=13,"250",IF(J20=14,"262.50",IF(J20=15,"275",IF(J20=16,"287.50",0)))))))) | BE20: =IF(J20=17,"300",IF(J20=18,"312.50",IF(J20=19,"325",IF(J20=20,"337.50",IF(J20=21,"350",IF(J20=22,"362.50",IF(J20=23,"375",IF(J20=24,"387.50",0)))))))) | BF20: =IF(J20=25,"400",IF(J20=26,"412.50",IF(J20=27,"425",IF(J20=28,"437.50",0)))) | BG20: =IF(L20=2008,AK20+AL20+AM20+AN20,IF(L20=2009,AK20+AL20+AM20+AN20,IF(L20=2010,AK20+AL20+AM20+AN20,IF(L20=2011,AK20+AL20+AM20+AN20,IF(L20=2012,AK20+AL20+AM20+AN20,IF(L20=2013,AT20+AU20+AV20+AW20,IF(L20=2014,BC20+BD20+BE20+BF20,IF(L20=2015,BC20+BD20+BE20+BF20)))))))) | BH20: =IF(L20=2008,AK20+AL20+AM20+AN20,IF(L20=2009,AK20+AL20+AM20+AN20,IF(L20=2010,AK20+AL20+AM20+AN20,IF(L20=2011,AK20+AL20+AM20+AN20,IF(L20=2012,AK20+AL20+AM20+AN20,IF(L20=2013,AT20+AU20+AV20+AW20,IF(L20=2014,BC20+BD20+BE20+BF20,IF(L20=2015,BC20+BD20+BE20+BF20)))))))) | BI20: =IF(BH20=0,0,IF(BH20<=M20,BH20,IF(BH20>=M20,M20))) | BJ20: =CODE(B20:B20) | BK20: =ISBLANK(E20) | BL20: =CODE(E20) | BM20: =CHAR(BL20) | BN20: =ISBLANK(F20) | BO20: =ISBLANK(BS20) | BP20: =ISBLANK(BT20) | BQ20: =ISBLANK(G20) | BR20: =TEXT(BT20,"MMDDYYYY")

Sheet TXT
A1: REMITTANCE REPORT
A2: =UPPER(DATA!B1)
A3: =UPPER(DATA!B2)
A4: =DATA!B3 | B4: =CONCATENATE(DATA!K2,DATA!L9,DATA!E6)
A5: MEMBERS
A6: =IF(DATA!BN9=FALSE(),DATA!F9,IF(DATA!BN9=TRUE()," ")) | B6: =CONCATENATE(UPPER(DATA!B9)," ",UPPER(DATA!C9)) | C6: =UPPER(DATA!D9) | D6: =UPPER(IF(DATA!BK9=TRUE()," ",IF(DATA!BK9=FALSE(),DATA!BM9))) | E6: =DATA!I9*100 | F6: =IF(DATA!BG9=0,0,IF(DATA!BG9>0,DATA!BG9*100)) | G6: =IF(DATA!BH9=0,0,IF(DATA!BH9>0,DATA!BH9*100)) | H6: 0 | I6: 0 | J6: 0 | K6: 0 | L6: =UPPER(IF(DATA!BO9=TRUE()," ",IF(DATA!BO9=FALSE(),CONCATENATE(DATA!BS9,DATA!BR9))))
A7: =IF(DATA!BN10=FALSE(),DATA!F10,IF(DATA!BN10=TRUE()," ")) | B7: =CONCATENATE(UPPER(DATA!B10)," ",UPPER(DATA!C10)) | C7: =UPPER(DATA!D10) | D7: =UPPER(IF(DATA!BK10=TRUE()," ",IF(DATA!BK10=FALSE(),DATA!BM10))) | E7: =DATA!I10*100 | F7: =IF(DATA!BG10=0,0,IF(DATA!BG10>0,DATA!BG10*100)) | G7: =IF(DATA!BH10=0,0,IF(DATA!BH10>0,DATA!BH10*100)) | H7: 0 | I7: 0 | J7: 0 | K7: 0 | L7: =UPPER(IF(DATA!BO10=TRUE()," ",IF(DATA!BO10=FALSE(),CONCATENATE(DATA!BS10,DATA!BR10))))
A8: =IF(DATA!BN11=FALSE(),DATA!F11,IF(DATA!BN11=TRUE()," ")) | B8: =CONCATENATE(UPPER(DATA!B11)," ",UPPER(DATA!C11)) | C8: =UPPER(DATA!D11) | D8: =UPPER(IF(DATA!BK11=TRUE()," ",IF(DATA!BK11=FALSE(),DATA!BM11))) | E8: =DATA!I11*100 | F8: =IF(DATA!BG11=0,0,IF(DATA!BG11>0,DATA!BG11*100)) | G8: =IF(DATA!BH11=0,0,IF(DATA!BH11>0,DATA!BH11*100)) | H8: 0 | I8: 0 | J8: 0 | K8: 0 | L8: =UPPER(IF(DATA!BO11=TRUE()," ",IF(DATA!BO11=FALSE(),CONCATENATE(DATA!BS11,DATA!BR11))))
A9: =IF(DATA!BN12=FALSE(),DATA!F12,IF(DATA!BN12=TRUE()," ")) | B9: =CONCATENATE(UPPER(DATA!B12)," ",UPPER(DATA!C12)) | C9: =UPPER(DATA!D12) | D9: =UPPER(IF(DATA!BK12=TRUE()," ",IF(DATA!BK12=FALSE(),DATA!BM12))) | E9: =DATA!I12*100 | F9: =IF(DATA!BG12=0,0,IF(DATA!BG12>0,DATA!BG12*100)) | G9: =IF(DATA!BH12=0,0,IF(DATA!BH12>0,DATA!BH12*100)) | H9: 0 | I9: 0 | J9: 0 | K9: 0 | L9: =UPPER(IF(DATA!BO12=TRUE()," ",IF(DATA!BO12=FALSE(),CONCATENATE(DATA!BS12,DATA!BR12))))
A10: =IF(DATA!BN13=FALSE(),DATA!F13,IF(DATA!BN13=TRUE()," ")) | B10: =CONCATENATE(UPPER(DATA!B13)," ",UPPER(DATA!C13)) | C10: =UPPER(DATA!D13) | D10: =UPPER(IF(DATA!BK13=TRUE()," ",IF(DATA!BK13=FALSE(),DATA!BM13))) | E10: =DATA!I13*100 | F10: =IF(DATA!BG13=0,0,IF(DATA!BG13>0,DATA!BG13*100)) | G10: =IF(DATA!BH13=0,0,IF(DATA!BH13>0,DATA!BH13*100)) | H10: 0 | I10: 0 | J10: 0 | K10: 0 | L10: =UPPER(IF(DATA!BO13=TRUE()," ",IF(DATA!BO13=FALSE(),CONCATENATE(DATA!BS13,DATA!BR13))))
A11: =IF(DATA!BN14=FALSE(),DATA!F14,IF(DATA!BN14=TRUE()," ")) | B11: =CONCATENATE(UPPER(DATA!B14)," ",UPPER(DATA!C14)) | C11: =UPPER(DATA!D14) | D11: =UPPER(IF(DATA!BK14=TRUE()," ",IF(DATA!BK14=FALSE(),DATA!BM14))) | E11: =DATA!I14*100 | F11: =IF(DATA!BG14=0,0,IF(DATA!BG14>0,DATA!BG14*100)) | G11: =IF(DATA!BH14=0,0,IF(DATA!BH14>0,DATA!BH14*100)) | H11: 0 | I11: 0 | J11: 0 | K11: 0 | L11: =UPPER(IF(DATA!BO14=TRUE()," ",IF(DATA!BO14=FALSE(),CONCATENATE(DATA!BS14,DATA!BR14))))
A12: =IF(DATA!BN15=FALSE(),DATA!F15,IF(DATA!BN15=TRUE()," ")) | B12: =CONCATENATE(UPPER(DATA!B15)," ",UPPER(DATA!C15)) | C12: =UPPER(DATA!D15) | D12: =UPPER(IF(DATA!BK15=TRUE()," ",IF(DATA!BK15=FALSE(),DATA!BM15))) | E12: =DATA!I15*100 | F12: =IF(DATA!BG15=0,0,IF(DATA!BG15>0,DATA!BG15*100)) | G12: =IF(DATA!BH15=0,0,IF(DATA!BH15>0,DATA!BH15*100)) | H12: 0 | I12: 0 | J12: 0 | K12: 0 | L12: =UPPER(IF(DATA!BO15=TRUE()," ",IF(DATA!BO15=FALSE(),CONCATENATE(DATA!BS15,DATA!BR15))))
A13: =IF(DATA!BN16=FALSE(),DATA!F16,IF(DATA!BN16=TRUE()," ")) | B13: =CONCATENATE(UPPER(DATA!B16)," ",UPPER(DATA!C16)) | C13: =UPPER(DATA!D16) | D13: =UPPER(IF(DATA!BK16=TRUE()," ",IF(DATA!BK16=FALSE(),DATA!BM16))) | E13: =DATA!I16*100 | F13: =IF(DATA!BG16=0,0,IF(DATA!BG16>0,DATA!BG16*100)) | G13: =IF(DATA!BH16=0,0,IF(DATA!BH16>0,DATA!BH16*100)) | H13: 0 | I13: 0 | J13: 0 | K13: 0 | L13: =UPPER(IF(DATA!BO16=TRUE()," ",IF(DATA!BO16=FALSE(),CONCATENATE(DATA!BS16,DATA!BR16))))
A14: =IF(DATA!BN17=FALSE(),DATA!F17,IF(DATA!BN17=TRUE()," ")) | B14: =CONCATENATE(UPPER(DATA!B17)," ",UPPER(DATA!C17)) | C14: =UPPER(DATA!D17) | D14: =UPPER(IF(DATA!BK17=TRUE()," ",IF(DATA!BK17=FALSE(),DATA!BM17))) | E14: =DATA!I17*100 | F14: =IF(DATA!BG17=0,0,IF(DATA!BG17>0,DATA!BG17*100)) | G14: =IF(DATA!BH17=0,0,IF(DATA!BH17>0,DATA!BH17*100)) | H14: 0 | I14: 0 | J14: 0 | K14: 0 | L14: =UPPER(IF(DATA!BO17=TRUE()," ",IF(DATA!BO17=FALSE(),CONCATENATE(DATA!BS17,DATA!BR17))))
A15: =IF(DATA!BN18=FALSE(),DATA!F18,IF(DATA!BN18=TRUE()," ")) | B15: =CONCATENATE(UPPER(DATA!B18)," ",UPPER(DATA!C18)) | C15: =UPPER(DATA!D18) | D15: =UPPER(IF(DATA!BK18=TRUE()," ",IF(DATA!BK18=FALSE(),DATA!BM18))) | E15: =DATA!I18*100 | F15: =IF(DATA!BG18=0,0,IF(DATA!BG18>0,DATA!BG18*100)) | G15: =IF(DATA!BH18=0,0,IF(DATA!BH18>0,DATA!BH18*100)) | H15: 0 | I15: 0 | J15: 0 | K15: 0 | L15: =UPPER(IF(DATA!BO18=TRUE()," ",IF(DATA!BO18=FALSE(),CONCATENATE(DATA!BS18,DATA!BR18))))
A16: =IF(DATA!BN19=FALSE(),DATA!F19,IF(DATA!BN19=TRUE()," ")) | B16: =CONCATENATE(UPPER(DATA!B19)," ",UPPER(DATA!C19)) | C16: =UPPER(DATA!D19) | D16: =UPPER(IF(DATA!BK19=TRUE()," ",IF(DATA!BK19=FALSE(),DATA!BM19))) | E16: =DATA!I19*100 | F16: =IF(DATA!BG19=0,0,IF(DATA!BG19>0,DATA!BG19*100)) | G16: =IF(DATA!BH19=0,0,IF(DATA!BH19>0,DATA!BH19*100)) | H16: 0 | I16: 0 | J16: 0 | K16: 0 | L16: =UPPER(IF(DATA!BO19=TRUE()," ",IF(DATA!BO19=FALSE(),CONCATENATE(DATA!BS19,DATA!BR19))))
A17: =IF(DATA!BN20=FALSE(),DATA!F20,IF(DATA!BN20=TRUE()," ")) | B17: =CONCATENATE(UPPER(DATA!B20)," ",UPPER(DATA!C20)) | C17: =UPPER(DATA!D20) | D17: =UPPER(IF(DATA!BK20=TRUE()," ",IF(DATA!BK20=FALSE(),DATA!BM20))) | E17: =DATA!I20*100 | F17: =IF(DATA!BG20=0,0,IF(DATA!BG20>0,DATA!BG20*100)) | G17: =IF(DATA!BH20=0,0,IF(DATA!BH20>0,DATA!BH20*100)) | H17: 0 | I17: 0 | J17: 0 | K17: 0 | L17: =UPPER(IF(DATA!BO20=TRUE()," ",IF(DATA!BO20=FALSE(),CONCATENATE(DATA!BS20,DATA!BR20))))
A18: M5-SUMMARY
A19: =DATA!BG2*100 | B19: =DATA!BG1 | C19: =DATA!BG3 | D19: =COUNT(DATA!BJ9:BJ25548)
A20: =DATA!BG5
A21: =UPPER(CONCATENATE(DATA!B5," ",DATA!B6))

Sheet TXTa
A1: REMITTANCE REPORT
A2: =UPPER(DATA!B1)
A3: =UPPER(DATA!B2)
A4: =DATA!B3 | B4: =CONCATENATE(DATA!K2,DATA!L9,DATA!E6)
A5: MEMBERS
A6: =IF(DATA!BN9=FALSE(),DATA!F9,IF(DATA!BN9=TRUE()," ")) | B6: =CONCATENATE(UPPER(DATA!B9)," ",UPPER(DATA!C9)) | C6: =UPPER(DATA!D9) | D6: =UPPER(IF(DATA!BK9=TRUE()," ",IF(DATA!BK9=FALSE(),DATA!BM9))) | E6: =DATA!I9*100 | F6: =IF(DATA!BG9=0,0,IF(DATA!BG9>0,DATA!BG9*100)) | G6: =IF(DATA!BI9=0,0,IF(DATA!BI9>0,DATA!BI9*100)) | H6: 0 | I6: 0 | J6: 0 | K6: 0 | L6: =UPPER(IF(DATA!BO9=TRUE()," ",IF(DATA!BO9=FALSE(),CONCATENATE(DATA!BS9,DATA!BR9))))
A7: =IF(DATA!BN10=FALSE(),DATA!F10,IF(DATA!BN10=TRUE()," ")) | B7: =CONCATENATE(UPPER(DATA!B10)," ",UPPER(DATA!C10)) | C7: =UPPER(DATA!D10) | D7: =UPPER(IF(DATA!BK10=TRUE()," ",IF(DATA!BK10=FALSE(),DATA!BM10))) | E7: =DATA!I10*100 | F7: =IF(DATA!BG10=0,0,IF(DATA!BG10>0,DATA!BG10*100)) | G7: =IF(DATA!BI10=0,0,IF(DATA!BI10>0,DATA!BI10*100)) | H7: 0 | I7: 0 | J7: 0 | K7: 0 | L7: =UPPER(IF(DATA!BO10=TRUE()," ",IF(DATA!BO10=FALSE(),CONCATENATE(DATA!BS10,DATA!BR10))))
A8: =IF(DATA!BN11=FALSE(),DATA!F11,IF(DATA!BN11=TRUE()," ")) | B8: =CONCATENATE(UPPER(DATA!B11)," ",UPPER(DATA!C11)) | C8: =UPPER(DATA!D11) | D8: =UPPER(IF(DATA!BK11=TRUE()," ",IF(DATA!BK11=FALSE(),DATA!BM11))) | E8: =DATA!I11*100 | F8: =IF(DATA!BG11=0,0,IF(DATA!BG11>0,DATA!BG11*100)) | G8: =IF(DATA!BI11=0,0,IF(DATA!BI11>0,DATA!BI11*100)) | H8: 0 | I8: 0 | J8: 0 | K8: 0 | L8: =UPPER(IF(DATA!BO11=TRUE()," ",IF(DATA!BO11=FALSE(),CONCATENATE(DATA!BS11,DATA!BR11))))
A9: =IF(DATA!BN12=FALSE(),DATA!F12,IF(DATA!BN12=TRUE()," ")) | B9: =CONCATENATE(UPPER(DATA!B12)," ",UPPER(DATA!C12)) | C9: =UPPER(DATA!D12) | D9: =UPPER(IF(DATA!BK12=TRUE()," ",IF(DATA!BK12=FALSE(),DATA!BM12))) | E9: =DATA!I12*100 | F9: =IF(DATA!BG12=0,0,IF(DATA!BG12>0,DATA!BG12*100)) | G9: =IF(DATA!BI12=0,0,IF(DATA!BI12>0,DATA!BI12*100)) | H9: 0 | I9: 0 | J9: 0 | K9: 0 | L9: =UPPER(IF(DATA!BO12=TRUE()," ",IF(DATA!BO12=FALSE(),CONCATENATE(DATA!BS12,DATA!BR12))))
A10: =IF(DATA!BN13=FALSE(),DATA!F13,IF(DATA!BN13=TRUE()," ")) | B10: =CONCATENATE(UPPER(DATA!B13)," ",UPPER(DATA!C13)) | C10: =UPPER(DATA!D13) | D10: =UPPER(IF(DATA!BK13=TRUE()," ",IF(DATA!BK13=FALSE(),DATA!BM13))) | E10: =DATA!I13*100 | F10: =IF(DATA!BG13=0,0,IF(DATA!BG13>0,DATA!BG13*100)) | G10: =IF(DATA!BI13=0,0,IF(DATA!BI13>0,DATA!BI13*100)) | H10: 0 | I10: 0 | J10: 0 | K10: 0 | L10: =UPPER(IF(DATA!BO13=TRUE()," ",IF(DATA!BO13=FALSE(),CONCATENATE(DATA!BS13,DATA!BR13))))
A11: =IF(DATA!BN14=FALSE(),DATA!F14,IF(DATA!BN14=TRUE()," ")) | B11: =CONCATENATE(UPPER(DATA!B14)," ",UPPER(DATA!C14)) | C11: =UPPER(DATA!D14) | D11: =UPPER(IF(DATA!BK14=TRUE()," ",IF(DATA!BK14=FALSE(),DATA!BM14))) | E11: =DATA!I14*100 | F11: =IF(DATA!BG14=0,0,IF(DATA!BG14>0,DATA!BG14*100)) | G11: =IF(DATA!BI14=0,0,IF(DATA!BI14>0,DATA!BI14*100)) | H11: 0 | I11: 0 | J11: 0 | K11: 0 | L11: =UPPER(IF(DATA!BO14=TRUE()," ",IF(DATA!BO14=FALSE(),CONCATENATE(DATA!BS14,DATA!BR14))))
A12: =IF(DATA!BN15=FALSE(),DATA!F15,IF(DATA!BN15=TRUE()," ")) | B12: =CONCATENATE(UPPER(DATA!B15)," ",UPPER(DATA!C15)) | C12: =UPPER(DATA!D15) | D12: =UPPER(IF(DATA!BK15=TRUE()," ",IF(DATA!BK15=FALSE(),DATA!BM15))) | E12: =DATA!I15*100 | F12: =IF(DATA!BG15=0,0,IF(DATA!BG15>0,DATA!BG15*100)) | G12: =IF(DATA!BI15=0,0,IF(DATA!BI15>0,DATA!BI15*100)) | H12: 0 | I12: 0 | J12: 0 | K12: 0 | L12: =UPPER(IF(DATA!BO15=TRUE()," ",IF(DATA!BO15=FALSE(),CONCATENATE(DATA!BS15,DATA!BR15))))
A13: =IF(DATA!BN16=FALSE(),DATA!F16,IF(DATA!BN16=TRUE()," ")) | B13: =CONCATENATE(UPPER(DATA!B16)," ",UPPER(DATA!C16)) | C13: =UPPER(DATA!D16) | D13: =UPPER(IF(DATA!BK16=TRUE()," ",IF(DATA!BK16=FALSE(),DATA!BM16))) | E13: =DATA!I16*100 | F13: =IF(DATA!BG16=0,0,IF(DATA!BG16>0,DATA!BG16*100)) | G13: =IF(DATA!BI16=0,0,IF(DATA!BI16>0,DATA!BI16*100)) | H13: 0 | I13: 0 | J13: 0 | K13: 0 | L13: =UPPER(IF(DATA!BO16=TRUE()," ",IF(DATA!BO16=FALSE(),CONCATENATE(DATA!BS16,DATA!BR16))))
A14: =IF(DATA!BN17=FALSE(),DATA!F17,IF(DATA!BN17=TRUE()," ")) | B14: =CONCATENATE(UPPER(DATA!B17)," ",UPPER(DATA!C17)) | C14: =UPPER(DATA!D17) | D14: =UPPER(IF(DATA!BK17=TRUE()," ",IF(DATA!BK17=FALSE(),DATA!BM17))) | E14: =DATA!I17*100 | F14: =IF(DATA!BG17=0,0,IF(DATA!BG17>0,DATA!BG17*100)) | G14: =IF(DATA!BI17=0,0,IF(DATA!BI17>0,DATA!BI17*100)) | H14: 0 | I14: 0 | J14: 0 | K14: 0 | L14: =UPPER(IF(DATA!BO17=TRUE()," ",IF(DATA!BO17=FALSE(),CONCATENATE(DATA!BS17,DATA!BR17))))
A15: =IF(DATA!BN18=FALSE(),DATA!F18,IF(DATA!BN18=TRUE()," ")) | B15: =CONCATENATE(UPPER(DATA!B18)," ",UPPER(DATA!C18)) | C15: =UPPER(DATA!D18) | D15: =UPPER(IF(DATA!BK18=TRUE()," ",IF(DATA!BK18=FALSE(),DATA!BM18))) | E15: =DATA!I18*100 | F15: =IF(DATA!BG18=0,0,IF(DATA!BG18>0,DATA!BG18*100)) | G15: =IF(DATA!BI18=0,0,IF(DATA!BI18>0,DATA!BI18*100)) | H15: 0 | I15: 0 | J15: 0 | K15: 0 | L15: =UPPER(IF(DATA!BO18=TRUE()," ",IF(DATA!BO18=FALSE(),CONCATENATE(DATA!BS18,DATA!BR18))))
A16: =IF(DATA!BN19=FALSE(),DATA!F19,IF(DATA!BN19=TRUE()," ")) | B16: =CONCATENATE(UPPER(DATA!B19)," ",UPPER(DATA!C19)) | C16: =UPPER(DATA!D19) | D16: =UPPER(IF(DATA!BK19=TRUE()," ",IF(DATA!BK19=FALSE(),DATA!BM19))) | E16: =DATA!I19*100 | F16: =IF(DATA!BG19=0,0,IF(DATA!BG19>0,DATA!BG19*100)) | G16: =IF(DATA!BI19=0,0,IF(DATA!BI19>0,DATA!BI19*100)) | H16: 0 | I16: 0 | J16: 0 | K16: 0 | L16: =UPPER(IF(DATA!BO19=TRUE()," ",IF(DATA!BO19=FALSE(),CONCATENATE(DATA!BS19,DATA!BR19))))
A17: =IF(DATA!BN20=FALSE(),DATA!F20,IF(DATA!BN20=TRUE()," ")) | B17: =CONCATENATE(UPPER(DATA!B20)," ",UPPER(DATA!C20)) | C17: =UPPER(DATA!D20) | D17: =UPPER(IF(DATA!BK20=TRUE()," ",IF(DATA!BK20=FALSE(),DATA!BM20))) | E17: =DATA!I20*100 | F17: =IF(DATA!BG20=0,0,IF(DATA!BG20>0,DATA!BG20*100)) | G17: =IF(DATA!BI20=0,0,IF(DATA!BI20>0,DATA!BI20*100)) | H17: 0 | I17: 0 | J17: 0 | K17: 0 | L17: =UPPER(IF(DATA!BO20=TRUE()," ",IF(DATA!BO20=FALSE(),CONCATENATE(DATA!BS20,DATA!BR20))))
A18: M5-SUMMARY
A19: =DATA!BG2*100 | B19: =DATA!BG1 | C19: =DATA!BG3 | D19: =COUNT(DATA!BJ9:BJ25548)
A20: =DATA!BG5
A21: =UPPER(CONCATENATE(DATA!B5," ",DATA!B6))

Sheet RF1s
A1: RF-1 | E1: EMPLOYER'S REMITTANCE REPORT | U1: THIS PORTION TO BE FILLED UP BY PHILHEALTH
A2: PHILHEALTH NO. | Q2: =DATA!B3
A3: EMPLOYER TIN | Q3: =DATA!G2
A4: COMPLETE EMPLOYER NAME | Q4: =UPPER(DATA!B1) | W4: EMPLOYER TYPE | AA4: REPORT TYPE | AG4: APPLICABLE PERIOD
A6: COMPLETE MAILING ADDRESS | Q6: =UPPER(DATA!B2) | AF6: =CONCATENATE(DATA!BG4," ",DATA!E4)
A8: TELEPHONE NO. | L8: =DATA!B4 | S8: EMAIL ADDRESS | T8: =DATA!B7
A9: PHILHEALTH IDENTIFICATION NUMBER (PIN) | B9: PHILHEALTH IDENTIFICATION NUMBER (PIN) | Q9: EMPLOYEE/S INFORMATION | W9: Fill-out this portion only if declared employee/s has not yet been issued his/her PIN | AC9: NHIP PREMIUM CONTRIBUTION | AG9: EMPLOYEE STATUS
Q10: LAST NAME | R10: NAME SUFFIX | S10: FIRST NAME | T10: MIDDLE NAME | U10: DATE OF BIRTH (mm-dd-yyyy) | V10: DATE OF BIRTH (mm-dd-yyyy) | X10: SEX (M/F) | Z10: MONTHLY SALARY BRACKET (MSB) | AB10: PS | AD10: ES | AF10: S-Separated, NE-No Earnings, NH-Newly Hired / Effectivity Date
A11: =DATA!A9 | C11: =LEFT(DATA!F9,1) | D11: =MID(DATA!F9,2,1) | F11: =MID(DATA!F9,3,1) | G11: =MID(DATA!F9,4,1) | H11: =MID(DATA!F9,5,1) | I11: =MID(DATA!F9,6,1) | J11: =MID(DATA!F9,7,1) | K11: =MID(DATA!F9,8,1) | L11: =MID(DATA!F9,9,1) | M11: =MID(DATA!F9,10,1) | N11: =MID(DATA!F9,11,1) | P11: =MID(DATA!F9,12,1) | Q11: =UPPER(DATA!B9) | R11: =UPPER(DATA!C9) | S11: =UPPER(DATA!D9) | T11: =UPPER(IF(DATA!BK9=TRUE()," ",IF(DATA!BK9=FALSE(),DATA!E9))) | V11: =IF(DATA!BQ9=TRUE()," ",IF(DATA!BQ9=FALSE(),DATA!G9)) | X11: =DATA!H9 | Z11: =DATA!J9 | AB11: =IF(Z11>0,DATA!BG9,IF(Z11=0," ")) | AD11: =IF(Z11>0,DATA!BH9,IF(Z11=0," ")) | AF11: =UPPER(IF(DATA!BO9=TRUE()," ",IF(DATA!BO9=FALSE(),DATA!BS9))) | AG11: =IF(DATA!BP9=TRUE()," ",IF(DATA!BP9=FALSE(),DATA!BT9))
A12: =DATA!A10 | C12: =LEFT(DATA!F10,1) | D12: =MID(DATA!F10,2,1) | F12: =MID(DATA!F10,3,1) | G12: =MID(DATA!F10,4,1) | H12: =MID(DATA!F10,5,1) | I12: =MID(DATA!F10,6,1) | J12: =MID(DATA!F10,7,1) | K12: =MID(DATA!F10,8,1) | L12: =MID(DATA!F10,9,1) | M12: =MID(DATA!F10,10,1) | N12: =MID(DATA!F10,11,1) | P12: =MID(DATA!F10,12,1) | Q12: =UPPER(DATA!B10) | R12: =UPPER(DATA!C10) | S12: =UPPER(DATA!D10) | T12: =UPPER(IF(DATA!BK10=TRUE()," ",IF(DATA!BK10=FALSE(),DATA!E10))) | V12: =IF(DATA!BQ10=TRUE()," ",IF(DATA!BQ10=FALSE(),DATA!G10)) | X12: =DATA!H10 | Z12: =DATA!J10 | AB12: =IF(Z12>0,DATA!BG10,IF(Z12=0," ")) | AD12: =IF(Z12>0,DATA!BH10,IF(Z12=0," ")) | AF12: =UPPER(IF(DATA!BO10=TRUE()," ",IF(DATA!BO10=FALSE(),DATA!BS10))) | AG12: =IF(DATA!BP10=TRUE()," ",IF(DATA!BP10=FALSE(),DATA!BT10))
A13: =DATA!A11 | C13: =LEFT(DATA!F11,1) | D13: =MID(DATA!F11,2,1) | F13: =MID(DATA!F11,3,1) | G13: =MID(DATA!F11,4,1) | H13: =MID(DATA!F11,5,1) | I13: =MID(DATA!F11,6,1) | J13: =MID(DATA!F11,7,1) | K13: =MID(DATA!F11,8,1) | L13: =MID(DATA!F11,9,1) | M13: =MID(DATA!F11,10,1) | N13: =MID(DATA!F11,11,1) | P13: =MID(DATA!F11,12,1) | Q13: =UPPER(DATA!B11) | R13: =UPPER(DATA!C11) | S13: =UPPER(DATA!D11) | T13: =UPPER(IF(DATA!BK11=TRUE()," ",IF(DATA!BK11=FALSE(),DATA!E11))) | V13: =IF(DATA!BQ11=TRUE()," ",IF(DATA!BQ11=FALSE(),DATA!G11)) | X13: =DATA!H11 | Z13: =DATA!J11 | AB13: =IF(Z13>0,DATA!BG11,IF(Z13=0," ")) | AD13: =IF(Z13>0,DATA!BH11,IF(Z13=0," ")) | AF13: =UPPER(IF(DATA!BO11=TRUE()," ",IF(DATA!BO11=FALSE(),DATA!BS11))) | AG13: =IF(DATA!BP11=TRUE()," ",IF(DATA!BP11=FALSE(),DATA!BT11))
A14: =DATA!A12 | C14: =LEFT(DATA!F12,1) | D14: =MID(DATA!F12,2,1) | F14: =MID(DATA!F12,3,1) | G14: =MID(DATA!F12,4,1) | H14: =MID(DATA!F12,5,1) | I14: =MID(DATA!F12,6,1) | J14: =MID(DATA!F12,7,1) | K14: =MID(DATA!F12,8,1) | L14: =MID(DATA!F12,9,1) | M14: =MID(DATA!F12,10,1) | N14: =MID(DATA!F12,11,1) | P14: =MID(DATA!F12,12,1) | Q14: =UPPER(DATA!B12) | R14: =UPPER(DATA!C12) | S14: =UPPER(DATA!D12) | T14: =UPPER(IF(DATA!BK12=TRUE()," ",IF(DATA!BK12=FALSE(),DATA!E12))) | V14: =IF(DATA!BQ12=TRUE()," ",IF(DATA!BQ12=FALSE(),DATA!G12)) | X14: =DATA!H12 | Z14: =DATA!J12 | AB14: =IF(Z14>0,DATA!BG12,IF(Z14=0," ")) | AD14: =IF(Z14>0,DATA!BH12,IF(Z14=0," ")) | AF14: =UPPER(IF(DATA!BO12=TRUE()," ",IF(DATA!BO12=FALSE(),DATA!BS12))) | AG14: =IF(DATA!BP12=TRUE()," ",IF(DATA!BP12=FALSE(),DATA!BT12))
A15: =DATA!A13 | C15: =LEFT(DATA!F13,1) | D15: =MID(DATA!F13,2,1) | F15: =MID(DATA!F13,3,1) | G15: =MID(DATA!F13,4,1) | H15: =MID(DATA!F13,5,1) | I15: =MID(DATA!F13,6,1) | J15: =MID(DATA!F13,7,1) | K15: =MID(DATA!F13,8,1) | L15: =MID(DATA!F13,9,1) | M15: =MID(DATA!F13,10,1) | N15: =MID(DATA!F13,11,1) | P15: =MID(DATA!F13,12,1) | Q15: =UPPER(DATA!B13) | R15: =UPPER(DATA!C13) | S15: =UPPER(DATA!D13) | T15: =UPPER(IF(DATA!BK13=TRUE()," ",IF(DATA!BK13=FALSE(),DATA!E13))) | V15: =IF(DATA!BQ13=TRUE()," ",IF(DATA!BQ13=FALSE(),DATA!G13)) | X15: =DATA!H13 | Z15: =DATA!J13 | AB15: =IF(Z15>0,DATA!BG13,IF(Z15=0," ")) | AD15: =IF(Z15>0,DATA!BH13,IF(Z15=0," ")) | AF15: =UPPER(IF(DATA!BO13=TRUE()," ",IF(DATA!BO13=FALSE(),DATA!BS13))) | AG15: =IF(DATA!BP13=TRUE()," ",IF(DATA!BP13=FALSE(),DATA!BT13))
A16: =DATA!A14 | C16: =LEFT(DATA!F14,1) | D16: =MID(DATA!F14,2,1) | F16: =MID(DATA!F14,3,1) | G16: =MID(DATA!F14,4,1) | H16: =MID(DATA!F14,5,1) | I16: =MID(DATA!F14,6,1) | J16: =MID(DATA!F14,7,1) | K16: =MID(DATA!F14,8,1) | L16: =MID(DATA!F14,9,1) | M16: =MID(DATA!F14,10,1) | N16: =MID(DATA!F14,11,1) | P16: =MID(DATA!F14,12,1) | Q16: =UPPER(DATA!B14) | R16: =UPPER(DATA!C14) | S16: =UPPER(DATA!D14) | T16: =UPPER(IF(DATA!BK14=TRUE()," ",IF(DATA!BK14=FALSE(),DATA!E14))) | V16: =IF(DATA!BQ14=TRUE()," ",IF(DATA!BQ14=FALSE(),DATA!G14)) | X16: =DATA!H14 | Z16: =DATA!J14 | AB16: =IF(Z16>0,DATA!BG14,IF(Z16=0," ")) | AD16: =IF(Z16>0,DATA!BH14,IF(Z16=0," ")) | AF16: =UPPER(IF(DATA!BO14=TRUE()," ",IF(DATA!BO14=FALSE(),DATA!BS14))) | AG16: =IF(DATA!BP14=TRUE()," ",IF(DATA!BP14=FALSE(),DATA!BT14))
A17: =DATA!A15 | C17: =LEFT(DATA!F15,1) | D17: =MID(DATA!F15,2,1) | F17: =MID(DATA!F15,3,1) | G17: =MID(DATA!F15,4,1) | H17: =MID(DATA!F15,5,1) | I17: =MID(DATA!F15,6,1) | J17: =MID(DATA!F15,7,1) | K17: =MID(DATA!F15,8,1) | L17: =MID(DATA!F15,9,1) | M17: =MID(DATA!F15,10,1) | N17: =MID(DATA!F15,11,1) | P17: =MID(DATA!F15,12,1) | Q17: =UPPER(DATA!B15) | R17: =UPPER(DATA!C15) | S17: =UPPER(DATA!D15) | T17: =UPPER(IF(DATA!BK15=TRUE()," ",IF(DATA!BK15=FALSE(),DATA!E15))) | V17: =IF(DATA!BQ15=TRUE()," ",IF(DATA!BQ15=FALSE(),DATA!G15)) | X17: =DATA!H15 | Z17: =DATA!J15 | AB17: =IF(Z17>0,DATA!BG15,IF(Z17=0," ")) | AD17: =IF(Z17>0,DATA!BH15,IF(Z17=0," ")) | AF17: =UPPER(IF(DATA!BO15=TRUE()," ",IF(DATA!BO15=FALSE(),DATA!BS15))) | AG17: =IF(DATA!BP15=TRUE()," ",IF(DATA!BP15=FALSE(),DATA!BT15))
A18: =DATA!A16 | C18: =LEFT(DATA!F16,1) | D18: =MID(DATA!F16,2,1) | F18: =MID(DATA!F16,3,1) | G18: =MID(DATA!F16,4,1) | H18: =MID(DATA!F16,5,1) | I18: =MID(DATA!F16,6,1) | J18: =MID(DATA!F16,7,1) | K18: =MID(DATA!F16,8,1) | L18: =MID(DATA!F16,9,1) | M18: =MID(DATA!F16,10,1) | N18: =MID(DATA!F16,11,1) | P18: =MID(DATA!F16,12,1) | Q18: =UPPER(DATA!B16) | R18: =UPPER(DATA!C16) | S18: =UPPER(DATA!D16) | T18: =UPPER(IF(DATA!BK16=TRUE()," ",IF(DATA!BK16=FALSE(),DATA!E16))) | V18: =IF(DATA!BQ16=TRUE()," ",IF(DATA!BQ16=FALSE(),DATA!G16)) | X18: =DATA!H16 | Z18: =DATA!J16 | AB18: =IF(Z18>0,DATA!BG16,IF(Z18=0," ")) | AD18: =IF(Z18>0,DATA!BH16,IF(Z18=0," ")) | AF18: =UPPER(IF(DATA!BO16=TRUE()," ",IF(DATA!BO16=FALSE(),DATA!BS16))) | AG18: =IF(DATA!BP16=TRUE()," ",IF(DATA!BP16=FALSE(),DATA!BT16))
A19: =DATA!A17 | C19: =LEFT(DATA!F17,1) | D19: =MID(DATA!F17,2,1) | F19: =MID(DATA!F17,3,1) | G19: =MID(DATA!F17,4,1) | H19: =MID(DATA!F17,5,1) | I19: =MID(DATA!F17,6,1) | J19: =MID(DATA!F17,7,1) | K19: =MID(DATA!F17,8,1) | L19: =MID(DATA!F17,9,1) | M19: =MID(DATA!F17,10,1) | N19: =MID(DATA!F17,11,1) | P19: =MID(DATA!F17,12,1) | Q19: =UPPER(DATA!B17) | R19: =UPPER(DATA!C17) | S19: =UPPER(DATA!D17) | T19: =UPPER(IF(DATA!BK17=TRUE()," ",IF(DATA!BK17=FALSE(),DATA!E17))) | V19: =IF(DATA!BQ17=TRUE()," ",IF(DATA!BQ17=FALSE(),DATA!G17)) | X19: =DATA!H17 | Z19: =DATA!J17 | AB19: =IF(Z19>0,DATA!BG17,IF(Z19=0," ")) | AD19: =IF(Z19>0,DATA!BH17,IF(Z19=0," ")) | AF19: =UPPER(IF(DATA!BO17=TRUE()," ",IF(DATA!BO17=FALSE(),DATA!BS17))) | AG19: =IF(DATA!BP17=TRUE()," ",IF(DATA!BP17=FALSE(),DATA!BT17))
A20: =DATA!A18 | C20: =LEFT(DATA!F18,1) | D20: =MID(DATA!F18,2,1) | F20: =MID(DATA!F18,3,1) | G20: =MID(DATA!F18,4,1) | H20: =MID(DATA!F18,5,1) | I20: =MID(DATA!F18,6,1) | J20: =MID(DATA!F18,7,1) | K20: =MID(DATA!F18,8,1) | L20: =MID(DATA!F18,9,1) | M20: =MID(DATA!F18,10,1) | N20: =MID(DATA!F18,11,1) | P20: =MID(DATA!F18,12,1) | Q20: =UPPER(DATA!B18) | R20: =UPPER(DATA!C18) | S20: =UPPER(DATA!D18) | T20: =UPPER(IF(DATA!BK18=TRUE()," ",IF(DATA!BK18=FALSE(),DATA!E18))) | V20: =IF(DATA!BQ18=TRUE()," ",IF(DATA!BQ18=FALSE(),DATA!G18)) | X20: =DATA!H18 | Z20: =DATA!J18 | AB20: =IF(Z20>0,DATA!BG18,IF(Z20=0," ")) | AD20: =IF(Z20>0,DATA!BH18,IF(Z20=0," ")) | AF20: =UPPER(IF(DATA!BO18=TRUE()," ",IF(DATA!BO18=FALSE(),DATA!BS18))) | AG20: =IF(DATA!BP18=TRUE()," ",IF(DATA!BP18=FALSE(),DATA!BT18))
A21: =DATA!A19 | C21: =LEFT(DATA!F19,1) | D21: =MID(DATA!F19,2,1) | F21: =MID(DATA!F19,3,1) | G21: =MID(DATA!F19,4,1) | H21: =MID(DATA!F19,5,1) | I21: =MID(DATA!F19,6,1) | J21: =MID(DATA!F19,7,1) | K21: =MID(DATA!F19,8,1) | L21: =MID(DATA!F19,9,1) | M21: =MID(DATA!F19,10,1) | N21: =MID(DATA!F19,11,1) | P21: =MID(DATA!F19,12,1) | Q21: =UPPER(DATA!B19) | R21: =UPPER(DATA!C19) | S21: =UPPER(DATA!D19) | T21: =UPPER(IF(DATA!BK19=TRUE()," ",IF(DATA!BK19=FALSE(),DATA!E19))) | V21: =IF(DATA!BQ19=TRUE()," ",IF(DATA!BQ19=FALSE(),DATA!G19)) | X21: =DATA!H19 | Z21: =DATA!J19 | AB21: =IF(Z21>0,DATA!BG19,IF(Z21=0," ")) | AD21: =IF(Z21>0,DATA!BH19,IF(Z21=0," ")) | AF21: =UPPER(IF(DATA!BO19=TRUE()," ",IF(DATA!BO19=FALSE(),DATA!BS19))) | AG21: =IF(DATA!BP19=TRUE()," ",IF(DATA!BP19=FALSE(),DATA!BT19))
A22: =DATA!A20 | C22: =LEFT(DATA!F20,1) | D22: =MID(DATA!F20,2,1) | F22: =MID(DATA!F20,3,1) | G22: =MID(DATA!F20,4,1) | H22: =MID(DATA!F20,5,1) | I22: =MID(DATA!F20,6,1) | J22: =MID(DATA!F20,7,1) | K22: =MID(DATA!F20,8,1) | L22: =MID(DATA!F20,9,1) | M22: =MID(DATA!F20,10,1) | N22: =MID(DATA!F20,11,1) | P22: =MID(DATA!F20,12,1) | Q22: =UPPER(DATA!B20) | R22: =UPPER(DATA!C20) | S22: =UPPER(DATA!D20) | T22: =UPPER(IF(DATA!BK20=TRUE()," ",IF(DATA!BK20=FALSE(),DATA!E20))) | V22: =IF(DATA!BQ20=TRUE()," ",IF(DATA!BQ20=FALSE(),DATA!G20)) | X22: =DATA!H20 | Z22: =DATA!J20 | AB22: =IF(Z22>0,DATA!BG20,IF(Z22=0," ")) | AD22: =IF(Z22>0,DATA!BH20,IF(Z22=0," ")) | AF22: =UPPER(IF(DATA!BO20=TRUE()," ",IF(DATA!BO20=FALSE(),DATA!BS20))) | AG22: =IF(DATA!BP20=TRUE()," ",IF(DATA!BP20=FALSE(),DATA!BT20))
J24: ACKNOWLEDGEMENT RECEIPT (PAR/POR/TRANSACTION REFERENCE NO.) | V24: GRAND TOTAL (PS+ES) | AB24: =SUM(AB11:AC22) | AD24: =SUM(AD11:AD22) | AG24: =UPPER(DATA!G4)
A25: =COUNT(DATA!BJ9:BJ25548) | H25: APPLICABLE PERIOD | Q25: REMITTED AMOUNT | S25: ACKNOWLEDGEMENT RECEIPT | T25: TRANSACTION DATE | AF25: =UPPER(DATA!G5)
A26: Indicate Total Number of employees per page | H26: =DATA!BG4 | Q26: =DATA!BG2 | S26: =DATA!BG1 | T26: =IF(DATA!BG3>0,DATA!BG3,IF(DATA!BG3=0," ")) | V26: (To be accomplished on every page) | AB26: =SUM(AB24:AD24) | AF26: =DATA!E7
A28: UNDER THE PENALTY OF THE LAW, I HEREBY ATTEST THAT THE ABOVE INFORMATIONS PROVIDED HEREIN ARE TRUE AND CORRECT.
Q29: =UPPER(DATA!B5) | T29: =UPPER(DATA!B6)
Q30: Signature over printed name | T30: Official Designation | X30: Date

Sheet RF1sa
A1: RF-1 | E1: EMPLOYER'S REMITTANCE REPORT | U1: THIS PORTION TO BE FILLED UP BY PHILHEALTH
A2: PHILHEALTH NO. | Q2: =DATA!B3
A3: EMPLOYER TIN | Q3: =DATA!G2
A4: COMPLETE EMPLOYER NAME | Q4: =UPPER(DATA!B1) | W4: EMPLOYER TYPE | AA4: REPORT TYPE | AG4: APPLICABLE PERIOD
A6: COMPLETE MAILING ADDRESS | Q6: =UPPER(DATA!B2) | AF6: =CONCATENATE(DATA!BG4," ",DATA!E4)
A8: TELEPHONE NO. | L8: =DATA!B4 | S8: EMAIL ADDRESS | T8: =DATA!B7
A9: PHILHEALTH IDENTIFICATION NUMBER (PIN) | B9: PHILHEALTH IDENTIFICATION NUMBER (PIN) | Q9: EMPLOYEE/S INFORMATION | W9: Fill-out this portion only if declared employee/s has not yet been issued his/her PIN | AC9: NHIP PREMIUM CONTRIBUTION | AG9: EMPLOYEE STATUS
Q10: LAST NAME | R10: NAME SUFFIX | S10: FIRST NAME | T10: MIDDLE NAME | U10: DATE OF BIRTH (mm-dd-yyyy) | V10: DATE OF BIRTH (mm-dd-yyyy) | X10: SEX (M/F) | Z10: MONTHLY SALARY BRACKET (MSB) | AB10: PS | AD10: ES | AF10: S-Separated, NE-No Earnings, NH-Newly Hired / Effectivity Date
A11: =DATA!A9 | C11: =LEFT(DATA!F9,1) | D11: =MID(DATA!F9,2,1) | F11: =MID(DATA!F9,3,1) | G11: =MID(DATA!F9,4,1) | H11: =MID(DATA!F9,5,1) | I11: =MID(DATA!F9,6,1) | J11: =MID(DATA!F9,7,1) | K11: =MID(DATA!F9,8,1) | L11: =MID(DATA!F9,9,1) | M11: =MID(DATA!F9,10,1) | N11: =MID(DATA!F9,11,1) | P11: =MID(DATA!F9,12,1) | Q11: =UPPER(DATA!B9) | R11: =UPPER(DATA!C9) | S11: =UPPER(DATA!D9) | T11: =UPPER(IF(DATA!BK9=TRUE()," ",IF(DATA!BK9=FALSE(),DATA!E9))) | V11: =IF(DATA!BQ9=TRUE()," ",IF(DATA!BQ9=FALSE(),DATA!G9)) | X11: =DATA!H9 | Z11: =DATA!J9 | AB11: =IF(Z11>0,DATA!BG9,IF(Z11=0," ")) | AD11: =IF(Z11>0,DATA!BI9,IF(Z11=0," ")) | AF11: =UPPER(IF(DATA!BO9=TRUE()," ",IF(DATA!BO9=FALSE(),DATA!BS9))) | AG11: =IF(DATA!BP9=TRUE()," ",IF(DATA!BP9=FALSE(),DATA!BT9))
A12: =DATA!A10 | C12: =LEFT(DATA!F10,1) | D12: =MID(DATA!F10,2,1) | F12: =MID(DATA!F10,3,1) | G12: =MID(DATA!F10,4,1) | H12: =MID(DATA!F10,5,1) | I12: =MID(DATA!F10,6,1) | J12: =MID(DATA!F10,7,1) | K12: =MID(DATA!F10,8,1) | L12: =MID(DATA!F10,9,1) | M12: =MID(DATA!F10,10,1) | N12: =MID(DATA!F10,11,1) | P12: =MID(DATA!F10,12,1) | Q12: =UPPER(DATA!B10) | R12: =UPPER(DATA!C10) | S12: =UPPER(DATA!D10) | T12: =UPPER(IF(DATA!BK10=TRUE()," ",IF(DATA!BK10=FALSE(),DATA!E10))) | V12: =IF(DATA!BQ10=TRUE()," ",IF(DATA!BQ10=FALSE(),DATA!G10)) | X12: =DATA!H10 | Z12: =DATA!J10 | AB12: =IF(Z12>0,DATA!BG10,IF(Z12=0," ")) | AD12: =IF(Z12>0,DATA!BI10,IF(Z12=0," ")) | AF12: =UPPER(IF(DATA!BO10=TRUE()," ",IF(DATA!BO10=FALSE(),DATA!BS10))) | AG12: =IF(DATA!BP10=TRUE()," ",IF(DATA!BP10=FALSE(),DATA!BT10))
A13: =DATA!A11 | C13: =LEFT(DATA!F11,1) | D13: =MID(DATA!F11,2,1) | F13: =MID(DATA!F11,3,1) | G13: =MID(DATA!F11,4,1) | H13: =MID(DATA!F11,5,1) | I13: =MID(DATA!F11,6,1) | J13: =MID(DATA!F11,7,1) | K13: =MID(DATA!F11,8,1) | L13: =MID(DATA!F11,9,1) | M13: =MID(DATA!F11,10,1) | N13: =MID(DATA!F11,11,1) | P13: =MID(DATA!F11,12,1) | Q13: =UPPER(DATA!B11) | R13: =UPPER(DATA!C11) | S13: =UPPER(DATA!D11) | T13: =UPPER(IF(DATA!BK11=TRUE()," ",IF(DATA!BK11=FALSE(),DATA!E11))) | V13: =IF(DATA!BQ11=TRUE()," ",IF(DATA!BQ11=FALSE(),DATA!G11)) | X13: =DATA!H11 | Z13: =DATA!J11 | AB13: =IF(Z13>0,DATA!BG11,IF(Z13=0," ")) | AD13: =IF(Z13>0,DATA!BI11,IF(Z13=0," ")) | AF13: =UPPER(IF(DATA!BO11=TRUE()," ",IF(DATA!BO11=FALSE(),DATA!BS11))) | AG13: =IF(DATA!BP11=TRUE()," ",IF(DATA!BP11=FALSE(),DATA!BT11))
A14: =DATA!A12 | C14: =LEFT(DATA!F12,1) | D14: =MID(DATA!F12,2,1) | F14: =MID(DATA!F12,3,1) | G14: =MID(DATA!F12,4,1) | H14: =MID(DATA!F12,5,1) | I14: =MID(DATA!F12,6,1) | J14: =MID(DATA!F12,7,1) | K14: =MID(DATA!F12,8,1) | L14: =MID(DATA!F12,9,1) | M14: =MID(DATA!F12,10,1) | N14: =MID(DATA!F12,11,1) | P14: =MID(DATA!F12,12,1) | Q14: =UPPER(DATA!B12) | R14: =UPPER(DATA!C12) | S14: =UPPER(DATA!D12) | T14: =UPPER(IF(DATA!BK12=TRUE()," ",IF(DATA!BK12=FALSE(),DATA!E12))) | V14: =IF(DATA!BQ12=TRUE()," ",IF(DATA!BQ12=FALSE(),DATA!G12)) | X14: =DATA!H12 | Z14: =DATA!J12 | AB14: =IF(Z14>0,DATA!BG12,IF(Z14=0," ")) | AD14: =IF(Z14>0,DATA!BI12,IF(Z14=0," ")) | AF14: =UPPER(IF(DATA!BO12=TRUE()," ",IF(DATA!BO12=FALSE(),DATA!BS12))) | AG14: =IF(DATA!BP12=TRUE()," ",IF(DATA!BP12=FALSE(),DATA!BT12))
A15: =DATA!A13 | C15: =LEFT(DATA!F13,1) | D15: =MID(DATA!F13,2,1) | F15: =MID(DATA!F13,3,1) | G15: =MID(DATA!F13,4,1) | H15: =MID(DATA!F13,5,1) | I15: =MID(DATA!F13,6,1) | J15: =MID(DATA!F13,7,1) | K15: =MID(DATA!F13,8,1) | L15: =MID(DATA!F13,9,1) | M15: =MID(DATA!F13,10,1) | N15: =MID(DATA!F13,11,1) | P15: =MID(DATA!F13,12,1) | Q15: =UPPER(DATA!B13) | R15: =UPPER(DATA!C13) | S15: =UPPER(DATA!D13) | T15: =UPPER(IF(DATA!BK13=TRUE()," ",IF(DATA!BK13=FALSE(),DATA!E13))) | V15: =IF(DATA!BQ13=TRUE()," ",IF(DATA!BQ13=FALSE(),DATA!G13)) | X15: =DATA!H13 | Z15: =DATA!J13 | AB15: =IF(Z15>0,DATA!BG13,IF(Z15=0," ")) | AD15: =IF(Z15>0,DATA!BI13,IF(Z15=0," ")) | AF15: =UPPER(IF(DATA!BO13=TRUE()," ",IF(DATA!BO13=FALSE(),DATA!BS13))) | AG15: =IF(DATA!BP13=TRUE()," ",IF(DATA!BP13=FALSE(),DATA!BT13))
A16: =DATA!A14 | C16: =LEFT(DATA!F14,1) | D16: =MID(DATA!F14,2,1) | F16: =MID(DATA!F14,3,1) | G16: =MID(DATA!F14,4,1) | H16: =MID(DATA!F14,5,1) | I16: =MID(DATA!F14,6,1) | J16: =MID(DATA!F14,7,1) | K16: =MID(DATA!F14,8,1) | L16: =MID(DATA!F14,9,1) | M16: =MID(DATA!F14,10,1) | N16: =MID(DATA!F14,11,1) | P16: =MID(DATA!F14,12,1) | Q16: =UPPER(DATA!B14) | R16: =UPPER(DATA!C14) | S16: =UPPER(DATA!D14) | T16: =UPPER(IF(DATA!BK14=TRUE()," ",IF(DATA!BK14=FALSE(),DATA!E14))) | V16: =IF(DATA!BQ14=TRUE()," ",IF(DATA!BQ14=FALSE(),DATA!G14)) | X16: =DATA!H14 | Z16: =DATA!J14 | AB16: =IF(Z16>0,DATA!BG14,IF(Z16=0," ")) | AD16: =IF(Z16>0,DATA!BI14,IF(Z16=0," ")) | AF16: =UPPER(IF(DATA!BO14=TRUE()," ",IF(DATA!BO14=FALSE(),DATA!BS14))) | AG16: =IF(DATA!BP14=TRUE()," ",IF(DATA!BP14=FALSE(),DATA!BT14))
A17: =DATA!A15 | C17: =LEFT(DATA!F15,1) | D17: =MID(DATA!F15,2,1) | F17: =MID(DATA!F15,3,1) | G17: =MID(DATA!F15,4,1) | H17: =MID(DATA!F15,5,1) | I17: =MID(DATA!F15,6,1) | J17: =MID(DATA!F15,7,1) | K17: =MID(DATA!F15,8,1) | L17: =MID(DATA!F15,9,1) | M17: =MID(DATA!F15,10,1) | N17: =MID(DATA!F15,11,1) | P17: =MID(DATA!F15,12,1) | Q17: =UPPER(DATA!B15) | R17: =UPPER(DATA!C15) | S17: =UPPER(DATA!D15) | T17: =UPPER(IF(DATA!BK15=TRUE()," ",IF(DATA!BK15=FALSE(),DATA!E15))) | V17: =IF(DATA!BQ15=TRUE()," ",IF(DATA!BQ15=FALSE(),DATA!G15)) | X17: =DATA!H15 | Z17: =DATA!J15 | AB17: =IF(Z17>0,DATA!BG15,IF(Z17=0," ")) | AD17: =IF(Z17>0,DATA!BI15,IF(Z17=0," ")) | AF17: =UPPER(IF(DATA!BO15=TRUE()," ",IF(DATA!BO15=FALSE(),DATA!BS15))) | AG17: =IF(DATA!BP15=TRUE()," ",IF(DATA!BP15=FALSE(),DATA!BT15))
A18: =DATA!A16 | C18: =LEFT(DATA!F16,1) | D18: =MID(DATA!F16,2,1) | F18: =MID(DATA!F16,3,1) | G18: =MID(DATA!F16,4,1) | H18: =MID(DATA!F16,5,1) | I18: =MID(DATA!F16,6,1) | J18: =MID(DATA!F16,7,1) | K18: =MID(DATA!F16,8,1) | L18: =MID(DATA!F16,9,1) | M18: =MID(DATA!F16,10,1) | N18: =MID(DATA!F16,11,1) | P18: =MID(DATA!F16,12,1) | Q18: =UPPER(DATA!B16) | R18: =UPPER(DATA!C16) | S18: =UPPER(DATA!D16) | T18: =UPPER(IF(DATA!BK16=TRUE()," ",IF(DATA!BK16=FALSE(),DATA!E16))) | V18: =IF(DATA!BQ16=TRUE()," ",IF(DATA!BQ16=FALSE(),DATA!G16)) | X18: =DATA!H16 | Z18: =DATA!J16 | AB18: =IF(Z18>0,DATA!BG16,IF(Z18=0," ")) | AD18: =IF(Z18>0,DATA!BI16,IF(Z18=0," ")) | AF18: =UPPER(IF(DATA!BO16=TRUE()," ",IF(DATA!BO16=FALSE(),DATA!BS16))) | AG18: =IF(DATA!BP16=TRUE()," ",IF(DATA!BP16=FALSE(),DATA!BT16))
A19: =DATA!A17 | C19: =LEFT(DATA!F17,1) | D19: =MID(DATA!F17,2,1) | F19: =MID(DATA!F17,3,1) | G19: =MID(DATA!F17,4,1) | H19: =MID(DATA!F17,5,1) | I19: =MID(DATA!F17,6,1) | J19: =MID(DATA!F17,7,1) | K19: =MID(DATA!F17,8,1) | L19: =MID(DATA!F17,9,1) | M19: =MID(DATA!F17,10,1) | N19: =MID(DATA!F17,11,1) | P19: =MID(DATA!F17,12,1) | Q19: =UPPER(DATA!B17) | R19: =UPPER(DATA!C17) | S19: =UPPER(DATA!D17) | T19: =UPPER(IF(DATA!BK17=TRUE()," ",IF(DATA!BK17=FALSE(),DATA!E17))) | V19: =IF(DATA!BQ17=TRUE()," ",IF(DATA!BQ17=FALSE(),DATA!G17)) | X19: =DATA!H17 | Z19: =DATA!J17 | AB19: =IF(Z19>0,DATA!BG17,IF(Z19=0," ")) | AD19: =IF(Z19>0,DATA!BI17,IF(Z19=0," ")) | AF19: =UPPER(IF(DATA!BO17=TRUE()," ",IF(DATA!BO17=FALSE(),DATA!BS17))) | AG19: =IF(DATA!BP17=TRUE()," ",IF(DATA!BP17=FALSE(),DATA!BT17))
A20: =DATA!A18 | C20: =LEFT(DATA!F18,1) | D20: =MID(DATA!F18,2,1) | F20: =MID(DATA!F18,3,1) | G20: =MID(DATA!F18,4,1) | H20: =MID(DATA!F18,5,1) | I20: =MID(DATA!F18,6,1) | J20: =MID(DATA!F18,7,1) | K20: =MID(DATA!F18,8,1) | L20: =MID(DATA!F18,9,1) | M20: =MID(DATA!F18,10,1) | N20: =MID(DATA!F18,11,1) | P20: =MID(DATA!F18,12,1) | Q20: =UPPER(DATA!B18) | R20: =UPPER(DATA!C18) | S20: =UPPER(DATA!D18) | T20: =UPPER(IF(DATA!BK18=TRUE()," ",IF(DATA!BK18=FALSE(),DATA!E18))) | V20: =IF(DATA!BQ18=TRUE()," ",IF(DATA!BQ18=FALSE(),DATA!G18)) | X20: =DATA!H18 | Z20: =DATA!J18 | AB20: =IF(Z20>0,DATA!BG18,IF(Z20=0," ")) | AD20: =IF(Z20>0,DATA!BI18,IF(Z20=0," ")) | AF20: =UPPER(IF(DATA!BO18=TRUE()," ",IF(DATA!BO18=FALSE(),DATA!BS18))) | AG20: =IF(DATA!BP18=TRUE()," ",IF(DATA!BP18=FALSE(),DATA!BT18))
A21: =DATA!A19 | C21: =LEFT(DATA!F19,1) | D21: =MID(DATA!F19,2,1) | F21: =MID(DATA!F19,3,1) | G21: =MID(DATA!F19,4,1) | H21: =MID(DATA!F19,5,1) | I21: =MID(DATA!F19,6,1) | J21: =MID(DATA!F19,7,1) | K21: =MID(DATA!F19,8,1) | L21: =MID(DATA!F19,9,1) | M21: =MID(DATA!F19,10,1) | N21: =MID(DATA!F19,11,1) | P21: =MID(DATA!F19,12,1) | Q21: =UPPER(DATA!B19) | R21: =UPPER(DATA!C19) | S21: =UPPER(DATA!D19) | T21: =UPPER(IF(DATA!BK19=TRUE()," ",IF(DATA!BK19=FALSE(),DATA!E19))) | V21: =IF(DATA!BQ19=TRUE()," ",IF(DATA!BQ19=FALSE(),DATA!G19)) | X21: =DATA!H19 | Z21: =DATA!J19 | AB21: =IF(Z21>0,DATA!BG19,IF(Z21=0," ")) | AD21: =IF(Z21>0,DATA!BI19,IF(Z21=0," ")) | AF21: =UPPER(IF(DATA!BO19=TRUE()," ",IF(DATA!BO19=FALSE(),DATA!BS19))) | AG21: =IF(DATA!BP19=TRUE()," ",IF(DATA!BP19=FALSE(),DATA!BT19))
A22: =DATA!A20 | C22: =LEFT(DATA!F20,1) | D22: =MID(DATA!F20,2,1) | F22: =MID(DATA!F20,3,1) | G22: =MID(DATA!F20,4,1) | H22: =MID(DATA!F20,5,1) | I22: =MID(DATA!F20,6,1) | J22: =MID(DATA!F20,7,1) | K22: =MID(DATA!F20,8,1) | L22: =MID(DATA!F20,9,1) | M22: =MID(DATA!F20,10,1) | N22: =MID(DATA!F20,11,1) | P22: =MID(DATA!F20,12,1) | Q22: =UPPER(DATA!B20) | R22: =UPPER(DATA!C20) | S22: =UPPER(DATA!D20) | T22: =UPPER(IF(DATA!BK20=TRUE()," ",IF(DATA!BK20=FALSE(),DATA!E20))) | V22: =IF(DATA!BQ20=TRUE()," ",IF(DATA!BQ20=FALSE(),DATA!G20)) | X22: =DATA!H20 | Z22: =DATA!J20 | AB22: =IF(Z22>0,DATA!BG20,IF(Z22=0," ")) | AD22: =IF(Z22>0,DATA!BI20,IF(Z22=0," ")) | AF22: =UPPER(IF(DATA!BO20=TRUE()," ",IF(DATA!BO20=FALSE(),DATA!BS20))) | AG22: =IF(DATA!BP20=TRUE()," ",IF(DATA!BP20=FALSE(),DATA!BT20))
J24: ACKNOWLEDGEMENT RECEIPT (PAR/POR/TRANSACTION REFERENCE NO.) | V24: GRAND TOTAL (PS+ES) | AB24: =SUM(AB11:AC22) | AD24: =SUM(AD11:AD22) | AG24: =UPPER(DATA!G4)
A25: =COUNT(DATA!BJ9:BJ25548) | H25: APPLICABLE PERIOD | Q25: REMITTED AMOUNT | S25: ACKNOWLEDGEMENT RECEIPT | T25: TRANSACTION DATE | AF25: =UPPER(DATA!G5)
A26: Indicate Total Number of employees per page | H26: =DATA!BG4 | Q26: =DATA!BG2 | S26: =DATA!BG1 | T26: =IF(DATA!BG3>0,DATA!BG3,IF(DATA!BG3=0," ")) | V26: (To be accomplished on every page) | AB26: =SUM(AB24:AD24) | AF26: =DATA!E7
A28: UNDER THE PENALTY OF THE LAW, I HEREBY ATTEST THAT THE ABOVE INFORMATIONS PROVIDED HEREIN ARE TRUE AND CORRECT.
Q29: =UPPER(DATA!B5) | T29: =UPPER(DATA!B6)
Q30: Signature over printed name | T30: Official Designation | X30: Date
